Name,Source,Origin,Type,Aroma,AA low,AA high,BA low,BA high,Co-Humulone low,Co-Humulone high,Oil (mls/100g),Oil high,M low,M high,H low,H high,C low,C high,F low,F high,subs,Notes,Storage (%AA/6M/20°C) low,Storage (%AA/6M/20°C) high,Storage (%AA/6M/20°C) text
Admiral,COMBINED,UK,bittering,,13,16.2,4.8,6.1,0,45,1,1.7,39,48,7,26,6,8,1.8,2.2,Target,Wye,,,good
Admiral,http://www.homebrewtalk.com/wiki/index.php/Admiral,UK,bittering,,13,16.2,4.8,6.1,37,45,1,1.7,39,48,7,26,6,8,1.8,2.2,Target,Wye,,,good
Ahtanum,COMBINED,US,aroma,floral,5.7,6.8,5,6.5,30,35,0.8,1.2,50,55,16,20,9,12,0,1,"Cascade, Amarillo, Perle, Challenger",YCR 1 CV,50,55
Ahtanum,Hopunion,US,aroma,floral,5.7,6.8,5,6.5,30,35,0.8,1.2,50,55,16,20,9,12,0,1,"Cascade, Amarillo"
Ahtanum,http://www.homebrewtalk.com/wiki/index.php/Ahtanum,US,aroma,,5.7,6.3,5,6.5,30,35,0.8,1.2,50,55,16,20,9,12,0,1,"Cascade, Amarillo",,50-55,55
Ahtanum,http://www.brewerssupplygroup.com/FileCabinet/HopVarietySubstitutions.pdf,US,,,,,,,,,,,,,,,,,,,"Perle, Challenger"
Ahtanum,http://www.usahops.org/userfiles/file/HGA%20BCI%20Reports/HGA%20Variety%20Manual%20-%20English%20(updated%20March%202011).pdf,US,aroma,,5.7,6.3,5,6.5,30,35,0.8,1.2,50,55,16,20,9,12,0,,Cascade,YCR 1 CV,,,fair to good
Amarillo,COMBINED,US,aroma,"floral, citrusy; signature",8,11,6,7,21,24,1.5,1.9,68,70,9,11,2,4,2,4,"Cascade, Centennial",Virgil Gamache Farms VGXP01 cv.,,,good
Amarillo,Hopunion,US,,"floral, citrusy",8,11,6,7,21,24,1.5,1.9,68,78,9,11,2,4,2,4,"cascade, centennial"
Amarillo,http://www.homebrewtalk.com/wiki/index.php/Amarillo,US,"bittering, aroma",,8,11,6,7,21,24,1.5,1.9,68,70,9,11,2,4,1.5,1.9,"cascade, centennial",,,,good
Amarillo,http://www.brewerssupplygroup.com/FileCabinet/HopVarietySubstitutions.pdf,US,,,,,,,,,,,,,,,,,,,Cascade
Amarillo,http://www.brewerssupplygroup.com/FileCabinet/HopVarieties.pdf,US,,floral and citrusy,8,11,6,7,22,22,1.5,1.9
Amarillo,http://www.usahops.org/userfiles/file/HGA%20BCI%20Reports/HGA%20Variety%20Manual%20-%20English%20(updated%20March%202011).pdf,US,aroma,signature,8,11,6,7,21,24,1.5,1.9,68,70,9,11,2,4,2,4,"Cascade, Centennial",Virgil Gamache Farms VGXP01 cv.,,,good
Aramis,COMBINED,FR,aroma,"floral, earthy, woody, Earl Grey, lemon, hay, herbal.",8,8,,,,,,,,,,,,,,,,Strisselspalt lineage
Aramis,http://blog.stonebrew.com/?p=2493,FR,aroma,"floral, earthy, woody, Earl Grey, lemon, hay, herbal."
Aramis,http://omgbeer.blogspot.com/2011/06/new-hop-variety-aramis-hops.html,FR,aroma,"unique aroma-herbal like a German noble hop, but with hints of lemon as well, but it also has a very low alpha acid content",8,8,,,,,,,,,,,,,,,,Strisselspalt lineage
Apollo,COMBINED,US,bittering,Added late into the boil it provides a strong grapefruit and hoppy note.,15,19,5.5,8,24,28,1.5,2.5,30,50,20,35,14,20,0,1,"Nugget, Colombus/Tomahawk/Zeus",Hopsteiner 0151,80,90
Apollo,http://www.usahops.org/userfiles/file/HGA%20BCI%20Reports/HGA%20Variety%20Manual%20-%20English%20(updated%20March%202011).pdf,US,bittering,Added late into the boil it provides a strong grapefruit and hoppy note.,15,19,5.5,8,24,28,1.5,2.5,30,50,20,35,14,20,0,1,"Nugget, Colombus/Tomahawk/Zeus",Hopsteiner 0151,80,90
B Saaz/Mouteka,COMBINED,NZ,aroma," It displays a unique floral citrus aroma and shares character with its Saaz parent. Used in many styles, it is very popular in pilsners and pale ales.",6.5,7.5,5,5.5,29,,0.8,0.8,47,47,3.6,3.6,2,2,12.2,12.2,,"A triploid aroma type developed by New Zealand HortResearch. This hop was bred by crossing a New Zealand breeding selection (2/3) with Saazer parentage (1/3). First selected by a notable Belgian brewery lead to this variety being called Belgian Saaz and later shortened to ""B"" Saaz so as not confuse country of origin."
B Saaz/Mouteka,http://www.grainandgrape.com.au/product_info.php?cPath=1_39_45&products_id=8293,NZ,aroma," It displays a unique floral citrus aroma and shares character with its Saaz parent. Used in many styles, it is very popular in pilsners and pale ales.",6.5,7.5,5,5.5,29,29,0.8,0.8,47,47,3.6,3.6,2,2,12.2,12.2,,"A triploid aroma type developed by New Zealand HortResearch. This hop was bred by crossing a New Zealand breeding selection (2/3) with Saazer parentage (1/3). First selected by a notable Belgian brewery lead to this variety being called Belgian Saaz and later shortened to ""B"" Saaz so as not confuse country of origin."
Boadicea,COMBINED,UK,,spice somewhat intense,8,9,3.6,3.6,26,26,1.3,1.5
Boadicea,http://www.brewerssupplygroup.com/FileCabinet/HopVarieties.pdf,UK,,spice somewhat intense,8,9,3.6,3.6,26,26,1.3,1.5
Bramling,COMBINED,UK,"bittering, aroma",,5,7,2.3,3.2,33,35,0.7,1.2,36,36,31,31,16,16,0,1,,,76,76
Bramling,http://www.homebrewtalk.com/wiki/index.php/Bramling,UK,"bittering, aroma",,5,7,2.3,3.2,33,35,0.7,1.2,36,36,31,31,16,16,0,1,,,76,76
Bramling Cross,COMBINED,UK,,,5,7.8,2.2,3.2,26,34,0.7,1.2,35,40,28,33,14,18,.2,.2,"Whitbread Goldings Variety, Progress, East Kent Goldings",,60,70
Bramling Cross,http://www.homebrewtalk.com/wiki/index.php/Bramling_Cross,UK,,,5,7.8,2.2,3.2,26,34,0.7,1.2,35,40,28,33,14,18,.2,.2,"Whitbread Goldings Variety, Progress, East Kent Goldings",,60,70
Bravo,COMBINED,US,"bittering, aroma",excellent bittering hop that provides bleasant fruity and floral aroma characteristics,14,17,3,5,29,34,1.6,2.4,25,50,18,20,10,12,0,1,Columbus/Tomahawk/Zeus,Hopsteiner 0146,60,70
Bravo,http://www.homebrewtalk.com/wiki/index.php/Bravo,US,"bittering, aroma",,14,17,3,4,29,34,1.6,2.4,25,50,18,20,10,12,.5,.5
Bravo,http://www.usahops.org/userfiles/file/HGA%20BCI%20Reports/HGA%20Variety%20Manual%20-%20English%20(updated%20March%202011).pdf,US,"bittering, aroma",excellent bittering hop that provides bleasant fruity and floral aroma characteristics,14,17,3,5,29,34,1.6,2.4,25,50,18,20,10,12,0,1,Colombus/,Hopsteiner 0146,60,70
Brewer's Gold (US),COMBINED,US,bittering,"blackcurrant, fruity, spicy",7,10,3,4.5,40,48,1.8,2.4,37,40,29,31,7,8,0,1,"Bullion, Northern Brewer, Galena, Brewer's Gold (UK)",,,,poor
Brewer's Gold (US),Hopunion,US,,"blackcurrant, fruity, spicy",8,10,3.5,4.5,40,48,2.0,2.4,37,40,29,31,7,7.5,0,1,bullion
Brewer's Gold (US),NBLB,US,,,7,10,3,4.5,40,45,1.8,2.5,63,63,15,15,8,8,0,1
Brewer's Gold (US),DGB,US,,,,,,,,,1.5,1.5,65,65,12,12,5,5
Brewer's Gold (US),http://www.homebrewtalk.com/wiki/index.php/Brewer%27s_Gold_%28American%29,US,bittering,,8,10,3.5,4.5,40,48,2,2.4,37,40,29,31,7,7.5,0,1,"Northern Brewer, Galena",,,,poor
Brewer's Gold (US),http://www.usahops.org/userfiles/file/HGA%20BCI%20Reports/HGA%20Variety%20Manual%20-%20English%20(updated%20March%202011).pdf,US,bittering,,8,10,3.5,4.5,40,48,2,2.4,37,40,29,31,7,7.5,0,1,"UK Brewer's Gold, Galena, Northern Brewer",,,,poor
Brewer's Gold (UK),COMBINED,,bittering,"black currant, fruity, spicy",5.5,6.5,2.5,3.5,40,48,1.8,2.2,37,40,29,31,7,7.5,0,1,"Northdown, Northern Brewer (UK), Galena, Bullion, Brewer's Gold (US)",Wye,,,average
Brewer's Gold (UK),Hopunion,UK,,"black currant, fruity, spicy",5.5,6.5,2.5,3.5,40,48,1.8,2.2,37,40,29,31,7,7.5,0,1,"UK Northdown, Northern Brewer, Galena, Bullion,. US Brewer's Gold"
Brewer's Gold (UK),http://www.homebrewtalk.com/wiki/index.php/Brewer%27s_Gold,UK,bittering,,5.5,6.5,2.5,3.5,40,48,1.8,2.2,37,40,29,31,7,7.5,0,1,"Northern Brewer, Galena",Wye,,,average
Bullion,COMBINED,UK,,,6.5,9,5,6,35,40,2,3,45,50,23,30,9,11,0,1,"Columbus/Tomahawk/Zeus, Northern Brewer (UK), Brewer's Gold"
Bullion,DGB,UK,,,,,,,,,3.2,3.2,64,64,12,12,8,8
Bullion,http://www.highgravitybrew.com/BeerHops/bullionhopsprofile.html,UK,,,6.5,9,5,6,35,40,2,3,45,50,23,30,9,11,0,1,"Columbus/Tomahawk/Zeus, Northern Brewer (UK), Brewer's Gold"
Calypso,COMBINED,US,dual,"Pleasantly complex, fruity aroma, with hints of pear and apple. Notes of earthy tea too.",12,12
Calypso,http://www.hopsdirect.com/store/domestic-pellet-hops.html,US,dual,"Pleasantly complex, fruity aroma, with hints of pear and apple. Notes of earthy tea too.",12,12
Cascade,COMBINED,US,"bittering, aroma",flowery and citrusy can have a grapefruit note,4.5,7,4.5,7,33,40,0.8,1.5,45,60,10,16,3,6,4,8,"centennial, amarillo, Galena, Nugget, Bullion"
Cascade,hopunion,US,,"flowery and citrusy, can have grapefruit",4.5,7,4.5,7,33,40,0.8,1.5,45,60,10,16,3,6,4,8,"centennial, amarillo"
Cascade,NBLB,US,,,4.5,8,4,8,30,40,0.8,1.5,53,53,13,13,4,4,6,6
Cascade,DGB,US,,,,,,,,,1.15,1.15,52,52,13,13,4.5,4.5,6,6
Cascade,http://www.homebrewtalk.com/wiki/index.php/Cascade,US,"bittering, aroma","""grapefruit, floral aroma""",5.5,7,4.5,7,33,40,0.8,1.5,45,60,13,13,4.5,4.5,6,6,"Centennial, Galena, Eroica, Nugget, Bullion",,50,50
Cascade,http://www.brewerssupplygroup.com/FileCabinet/HopVarietySubstitutions.pdf,US,,,,,,,,,,,,,,,,,,,Amarillo
Cascade,http://www.brewerssupplygroup.com/FileCabinet/HopVarieties.pdf,US,,flowery and citrusy can have a grapefruit note,4.5,6.5,4.5,6.5,37,37,0.8,1.4
Cascade,http://www.usahops.org/userfiles/file/HGA%20BCI%20Reports/HGA%20Variety%20Manual%20-%20English%20(updated%20March%202011).pdf,US,aroma,unique floral/spicy character with well blaanced bittering potential.,4.5,7,4.8,7,33,40,0.7,1.4,45,60,8,13,3.5,5.5,3,7,"centennial, amarillo",,48,52
Centennial,COMBINED,US,"bittering, aroma",floral and citrus tones medium intensity,6,11.5,3.5,4.5,28,30,1.5,2.5,45,60,10,18,4,8,0,1,"Cascade, Challenger, Amarillo",,60,65
Centennial,Hopunion,US,,"medium intensity, floral and citrus",9.5,11.5,3.5,4.5,29,30,1.5,2.3,45,55,10,18,5,8,0,1,"cascade, possibly columbus or chinook; ""Analytically, a blend of 70% Cascade and 30% columbus will give similar profile."""
Centennial,NBLB,US,,,8.5,12,2.5,5,29,30,1.5,2.3,50,50,14,14,7,7,0,1
Centennial,DGB,US,,,,,,,,,1.9,1.9,50,50,14,14,6.5,6.5,0.5,0.5
Centennial,http://www.homebrewtalk.com/wiki/index.php/Centennial,US,"bittering, aroma","""floral, citrus aroma and a clean spicy flavor""",6,11.5,3.5,4.5,28,30,1.5,2.5,45,60,10,18,4,8,0,1,Cascade,,60,65
Centennial,http://www.brewerssupplygroup.com/FileCabinet/HopVarietySubstitutions.pdf,US,,,,,,,,,,,,,,,,,,,Challenger/Cascade
Centennial,http://www.brewerssupplygroup.com/FileCabinet/HopVarieties.pdf,US,,floral and citrus tones medium intensity,9.5,11.5,3.5,4.5,30,30,1.5,2.3
Centennial,http://www.usahops.org/userfiles/file/HGA%20BCI%20Reports/HGA%20Variety%20Manual%20-%20English%20(updated%20March%202011).pdf,US,aroma,,9.5,11.5,3.5,4.5,29,30,1.5,2.5,45,55,10,18,5,8,0,1,"Cascade, Amarillo",,60,65
Challenger,COMBINED,UK,"bittering, aroma","mild to moderate, quite spicy",6.5,8.5,3,4.5,20,30,1,1.7,30,42,25,32,8,10,1,3,"Perle (US), Perle (DE), Northern Brewer, Target, Centennial",,70,85
Challenger,Hopunion,UK,"bittering, aroma","mild to moderate, quite spicy",6.5,8.5,4,4.5,20,25,1,1.7,30,42,25,32,8,10,1,3,"US or German Perle, Northern Brewer"
Challenger,NBLB,UK,,,6.5,8.5,3,4.5,22,28,1,1.5,31,31,29,29,9,9,2,2
Challenger,DGB,UK,,,,,,,,,1.35,1.35,36,36,28.5,28.5,9,9,2,2
Challenger,http://www.homebrewtalk.com/wiki/index.php/Challenger,UK,"bittering, aroma","""fine fruity aroma with spicy overtones.""",6.5,8.5,4,4.5,20,30,1,3,30,42,25,32,8,10,1,3,"Perle, Target, maybe Northern Brewer",,70,85
Challenger,http://www.brewerssupplygroup.com/FileCabinet/HopVarietySubstitutions.pdf,UK,,,,,,,,,,,,,,,,,,,"Perle, Centennial"
Challenger,http://www.brewerssupplygroup.com/FileCabinet/HopVarieties.pdf,UK,,mild to moderate flavor quite spicy,6.5,8.5,3,4,22,22,1,1.5
Chelan,COMBINED,US,bittering,,12,14.5,8.5,9.8,33,35,1.5,1.9,45,55,9,12,12,15,0,1,Galena,Daughter of Galena,80,80
Chelan,http://www.usahops.org/userfiles/file/HGA%20BCI%20Reports/HGA%20Variety%20Manual%20-%20English%20(updated%20March%202011).pdf,US,bittering,,12,14.5,8.5,9.8,33,35,1.5,1.9,45,55,9,12,12,15,0,1,Galena,Daughter of Galena,80,80
Chinook,COMBINED,US,bittering,"med intensity, spicy, piney, distinctive, grapefruit; highly acceptable beer aroma profile with smooth bitterness and full flavor",10,14,2.5,4,29,34,1.5,2.5,35,40,18,23,9,11,0,1,"Nugget, Columbus/Tomahawk/Zeus, Northern Brewer, Target, Galena",,68,68
Chinook,Hopunion,US,,"med intensity, spicy, piney, distinctive, grapefruit",12,14,3,4,29,34,1.5,2.5,35,40,20,25,9,11,0,1,"nugget, columbus, northern brewer, wye target, possibly centennial"
Chinook,NBLB,US,,,10,14,2.5,4,29,34,1.5,2.5,38,38,23,23,10,10,0,1
Chinook,DGB,US,,,,,,,,,2,2,37.5,37.5,22.5,22.5,10,10,0.5,0.5
Chinook,http://www.brewerssupplygroup.com/FileCabinet/HopVarietySubstitutions.pdf,US,,,,,,,,,,,,,,,,,,,50/50 Galena & Cluster
Chinook,http://www.brewerssupplygroup.com/FileCabinet/HopVarieties.pdf,US,,"spicy, piney distinctive grapefruit",12,14,3,4,32,32,1.5,2.5
Chinook,http://www.usahops.org/userfiles/file/HGA%20BCI%20Reports/HGA%20Variety%20Manual%20-%20English%20(updated%20March%202011).pdf,US,,highly acceptable beer aroma profile with smooth bitterness and full flavor,12,14,3,4,29,35,1.7,2.7,35,40,18,23,9,11,0,1,"Nugget, CTZ, Galena",,68,68
Citra,COMBINED,US,"bittering, aroma","citrus flavors of lime, grapefruit and other tropical fruits",11,13,3.5,4.5,22,24,2.2,2.8,60,65,11,13,6,8,,,,HCB 394,60,75
Citra,http://www.homebrewtalk.com/wiki/index.php/Citra,US,"bittering, aroma"," flavors of pineapple, mango, other tropical fruits, and citrus",10,12,,,,,,,,,,,,,,,,HCB 394
Citra,http://www.brewerssupplygroup.com/FileCabinet/HopVarieties.pdf,US,,"citrus flavors of lime, grapefruit and other tropical fruits",11,13,3.5,4.5,23,23,2.2,2.8
Citra,http://www.usahops.org/userfiles/file/HGA%20BCI%20Reports/HGA%20Variety%20Manual%20-%20English%20(updated%20March%202011).pdf,US,,distinctive citrus character,11,13,3.5,4.5,22,24,2.2,2.8,60,65,11,13,6,8,,,,HCB 394,60,75
Cluster,COMBINED,US,dual,floral and spicy,5.5,10,4.5,8,36,42,0.4,0.8,45,55,15,18,6,7,0,1,"Galena, Northern Brewer, Fuggle",,84,84
Cluster,Hopunion,US,,floral and spicy,5.5,8.5,4.5,5.5,36,42,0.4,0.8,45,55,15,18,6,7,0,1,"galena, possibly northern brewer"
Cluster,NBLB,US,,,5.5,10,4.5,8,36,42,0.4,0.8,50,50,17,17,7,7,0,1
Cluster,DGB,US,,,,,,,,,0.6,0.6,50,50,16,16,6.5,6.5,0.5,0.5
Cluster,http://www.brewerssupplygroup.com/FileCabinet/HopVarietySubstitutions.pdf,US,,,,,,,,,,,,,,,,,,,Fuggle
Cluster,http://www.brewerssupplygroup.com/FileCabinet/HopVarieties.pdf,US,,floral and spicy,5.5,8,4,6,39,39,0.4,0.8
Cluster,http://www.usahops.org/userfiles/file/HGA%20BCI%20Reports/HGA%20Variety%20Manual%20-%20English%20(updated%20March%202011).pdf,US,dual,,5.5,8.5,4.5,5.5,37,43,0.4,0.8,45,55,15,18,6,7,0,1,Galena,,84,84
Columbia,COMBINED,US,"bittering, aroma",,7,11.5,3,5.5,36,43,0.5,1.6,31,68,14,20,6,10,10,30,Willamette,no longer grown,,,very good
Columbia,http://www.homebrewtalk.com/wiki/index.php/Columbia,US,"bittering, aroma",,7,11.5,3,5.5,36,43,0.5,1.6,31,68,14,20,6,10,10,30,Willamette,no longer grown,,,very good
Columbus/Tomahawk/Zeus,COMBINED,US,bittering,pungent,12,18,4,6.5,27,40,1.5,3,25,50,10,25,5,15,0,1,"Nugget, Chinook, Galena, Centennial, Northern Brewer, Target",,,,poor
Columbus/Tomahawk/Zeus,Hopunion,US,,pungent,14,16,4.5,5.5,30,35,1.5,2,25,45,15,25,8,12,0,1,"nugget, chinook, wye target, norther brewer"
Columbus/Tomahawk/Zeus,DGB,US,,,,,,,,,1.75,1.75,35,35,20,20,10,10,0.5,0.5
Columbus/Tomahawk/Zeus,http://www.homebrewtalk.com/wiki/index.php/Columbus_%28Tomahawk%29,US,bittering,,14,18,4.5,5.8,29,35,1.5,3.5,25,45,15,25,7,12,0,1,"centennial, pacific gem",,,,poor
Columbus/Tomahawk/Zeus,http://www.homebrewtalk.com/wiki/index.php/Zeus,US,bittering,,12,18,4,6.5,27,40,1,2.5,25,70,10,25,5,15,0,1,,"proprietary: SS Steiner, Inc. CTZ"
Columbus/Tomahawk/Zeus,http://www.brewerssupplygroup.com/FileCabinet/HopVarietySubstitutions.pdf,US,,,,,,,,,,,,,,,,,,,"Galena, Chinook, Nugget"
Columbus/Tomahawk/Zeus,http://www.usahops.org/userfiles/file/HGA%20BCI%20Reports/HGA%20Variety%20Manual%20-%20English%20(updated%20March%202011).pdf,US,,,14.5,16.8,4,5,28,32,2,3,40,50,12,18,9,11,0,1,"Galena, Chinook, Nugget",,52,52
Comet,COMBINED,US,bittering,,9.5,12.5,3,6,41,41,2,2,,,,,,,,,,no longer grown,,,good
Comet,http://www.homebrewtalk.com/wiki/index.php/Comet,US,bittering,,9.5,12.5,3,6,41,41,2,2,,,,,,,,,,no longer grown,,,good
Crystal,COMBINED,US,aroma,"very mild character, clean and slightly spicy",3.5,6,4.5,6.7,20,26,0.8,2.1,40,65,18,24,4,8,0,1,"Mount Hood, Hallertau, Liberty, Ultra","triploid variety; USDA-bred from Hallertau Mittlëfuh, Cascade, Northern Brewer and Early Green.",50,50
Crystal,Hopunion,US,,"mild, spicy & flowery",3.5,5.5,4.5,6.5,20,26,1,1.5,40,65,18,24,4,8,0,1,"mt hood, fersbruck, french strisselspalt, liberty, hallertau"
Crystal,NBLB,US,,,2,4.5,4.5,6.5,20,26,1,1.5,52,52,21,21,6,6,0,1
Crystal,DGB,US,,,,,,,,,1.25,1.25,52.5,52.5,21,21,6,6,5,5
Crystal,http://www.homebrewtalk.com/wiki/index.php/Crystal_%28Hop%29,US,aroma,"very mild character, clean and slightly spicy",3.5,6,4.5,6.7,20,26,0.8,2.1,40,65,18,24,4,8,0,1,"hallertau, mount hood, liberty, ultra",,50,50
Crystal,http://www.brewerssupplygroup.com/FileCabinet/HopVarietySubstitutions.pdf,US,,,,,,,,,,,,,,,,,,,"Mt. Hood, Liberty"
Crystal,http://www.brewerssupplygroup.com/FileCabinet/HopVarieties.pdf,US,,,4,5.5,5,6.7,21,21,0.8,2.1
Crystal,http://www.usahops.org/userfiles/file/HGA%20BCI%20Reports/HGA%20Variety%20Manual%20-%20English%20(updated%20March%202011).pdf,US,,,3.5,5.5,4.5,6.5,20,26,1,1.5,40,65,18,24,4,8,0,1,"Mount Hood, Liberty","triploid variety; USDA-bred from Hallertau Mittlëfuh, Cascade, Northern Brewer and Early Green.",50,50
Delta,COMBINED,US,aroma,mild and pleasant aroma that is slightly spicy with a hint of citrus.  Fuggle/Cascade cross.,5.5,7,5.5,7,22,24,0.5,1.1,25,40,9,15,16,20,0,1,"Fuggle, Wilamette",Hopsteiner 04188,80,90
Delta,http://www.usahops.org/userfiles/file/HGA%20BCI%20Reports/HGA%20Variety%20Manual%20-%20English%20(updated%20March%202011).pdf,US,aroma,mild and pleasant aroma that is slightly spicy with a hint of citrus.  Fuggle/Cascade cross.,5.5,7,5.5,7,22,24,0.5,1.1,25,40,9,15,16,20,0,1,"Fuggle, Wilamette",Hopsteiner 04188,80,90
East Kent Golding,COMBINED,UK,dual,"gentle, fragrant, pleasant",4.5,6.5,2.5,3.5,22,32,0.8,1,20,26,38,45,12,16,0,1,"Golding (US), Whitbread Golding Variety, Progress (UK), Fuggle, Willamette",classic English Ale hop,65,85
East Kent Golding,Hopunion,UK,,"gentle, fragrant, pleasant",4,5.5,2,3.5,20,25,0.6,1,20,26,42,48,12,16,0,1,"US Golding, Whitbread Golding, UK Progress",classic English Ale hop
East Kent Golding,NBLB,UK,,,4.5,6.5,2.5,3.5,22,32,0.8,1,24,24,45,45,14,14,0,1
East Kent Golding,DGB,UK,,,,,,,,,0.8,0.5,,,45,45,14,14,.5,.5
East Kent Golding,http://www.homebrewtalk.com/wiki/index.php/East_Kent_Golding,UK,"bittering, aroma","delicate, slightly spicy aroma.",4,7,1.9,2.8,28,32,0.4,1,25,25,38,45,12,16,.4,.4,"Golding, Fuggle, Willamette",,65,85
East Kent Golding,http://www.brewerssupplygroup.com/FileCabinet/HopVarieties.pdf,UK,,Mild fragrant and pleasant,4,6.5,2,3,29,29,0.4,0.8
El Dorado,COMBINED,US,dual,"Candylike intense aroma. pear, cherry and other stone fruits",14,16,7,8,30,30,2.5,2.8,55,60,10,15,6,8,.1,.1
El Dorado,http://www.austinhomebrew.com/product_info.php?products_id=12928,US,dual," tropical fruit, watermelon candy, pear and stone fruit",16,16,7,8,28,33,2.4,2.8
El Dorado,http://www.brewerssupplygroup.com/Hops.html,US,dual,"Candylike intense aroma. pear, cherry and other stone fruits",14,16,7,8,30,30,2.5,2.8
El Dorado,http://www.thebrewingnetwork.com/forum/viewtopic.php?p=236987#p236987,US,,,14,16,7,8,28,30,,,55,60,10,15,6,8,.1,.1
El Dorado,http://www.brewerssupplygroup.com/FileCabinet/HopVarieties.pdf,US,,"Candylike intense aroma pear, cherry and other fruits",14,16,7,8,30,30,2.5,2.8
Eroica,COMBINED,US,bittering,,9.5,14,2.5,5,36,42,0.8,1.3,55,65,0,1,7,12,0,1,"Northern Brewer, Bullion, Galena",no longer commercially available,,,poor
Eroica,NBLB,US,,,9.5,14,2.5,5,36,42,0.8,1.3,60,60,1,1,10,10,0,1
Eroica,DGB,US,,,,,,,,,1.05,1.05,60,60,0.5,0.5,9.5,9.5,.5,.5
Eroica,http://www.homebrewtalk.com/wiki/index.php/Eroica,US,bittering,,11,14,4,5.5,36,42,0.8,1.3,55,65,0,1,7,12,0,1,"Northern Brewer, Bullion, Galena",no longer commercially available,,,poor
Falconer's Flight,http://www.austinhomebrew.com/product_info.php?products_id=12814,US,dual,"tropical, citrus, floral, lemon, and grapefruit tones",10.5,10.5,4.3,4.3,27,27,,,,,,,,,,,"Cascade, Columbus/Tomahawk/Zeus, Centennial",14-hop blend from HopUnion to celebrate Glen Hay Falconer
Falconer's Flight,http://www.austinhomebrew.com/product_info.php?products_id=12814,US,dual,"tropical, citrus, floral, lemon, and grapefruit tones",10.5,10.5,4.3,4.3,27,27,,,,,,,,,,,"Cascade, Columbus/Tomahawk/Zeus, Centennial",14-hop blend from HopUnion to celebrate Glen Hay Falconer
First Gold,COMBINED,UK,"bittering, aroma","woody, minty flavor and aroma that has been compared to WGV and to Fuggle.",4,9.3,2.3,4.1,31,34,0.7,1.5,24,28,20,24,6,7,2,4,"East Kent Golding, Fuggle (UK), Crystal, Perle (UK), Galena, Northern Brewer",,60,65
First Gold,Hopunion,UK,,"a little like Golding, spicy",6.5,8.5,3,4,31,36,0.7,1.5,27,28,20,24,6,7,3,3,UK Kent Golding
First Gold,http://www.homebrewtalk.com/wiki/index.php/First_Gold,UK,"bittering, aroma","woody, minty flavor and aroma that has been compared to WGV and to Fuggle.",4,9.3,2.3,4.1,31,34,0.7,1.5,24,28,20,24,6,7,2,4,"EKG, Fuggle, Crystal, Perle, Galena, Northern Brewer",,60,65
First Gold,http://www.brewerssupplygroup.com/Hops.html,UK,,Spicy somewhat similar to English Golding,6.5,8.5,3,4.2,33,33,0.7,1.3
Fuggle (US),COMBINED,US,"bittering, aroma","mild, woody and fruity",4,5.5,1.5,2,25,32,0.7,1.2,40,50,20,26,6,10,4,5,"Fuggle (UK), Willamette, Styrian Golding, Tettnang (US)",,60,65
Fuggle (US),Hopunion,US,,"mild, woody and fruity",4,5.5,1.5,2,25,32,0.7,1.2,40,50,20,26,6,10,4,5,"Fuggle (UK), Willamette, Styrian Golding, US Tettnang"
Fuggle (US),NBLB,US,,,4,6,1.5,3,25,32,0.7,1.2,45,45,23,23,8,8,5,5
Fuggle (US),DGB,US,,,,,,,,,0.95,0.95,45,45,23,23,8,8,4.5,4.5
Fuggle (US),http://www.homebrewtalk.com/wiki/index.php/Fuggle_%28American%29,US,"bittering, aroma",,4,5.5,1.5,2,25,32,0.7,1.2,46,60,20,26,6,10,4,5,,,,,fair
Fuggle (US),http://www.usahops.org/userfiles/file/HGA%20BCI%20Reports/HGA%20Variety%20Manual%20-%20English%20(updated%20March%202011).pdf,US,,,4,5.5,1.5,2,25,32,0.7,1.2,40,50,20,26,6,10,4,5,"Fuggle (UK), Styrian Golding, Willamette",,60,65
Fuggle (UK),COMBINED,UK,"bittering, aroma","mild, spicy, woody aroma",4,5.5,2,3,23,30,0.7,1.4,24,28,35,40,11,13,5,7,"Fuggle (US), Willamette, Styrian Golding",,60,80
Fuggle (UK),Hopunion,UK,,"mild, pleasant and hoppy",4,5.5,2,3,23,30,0.7,1.4,24,28,35,40,11,13,5,7,"US Fuggle, Willamette, Styrian Golding"
Fuggle (UK),NBLB,UK,,,4,5.5,2,3,25,30,0.7,1.1,26,26,37,37,12,12,9,9
Fuggle (UK),DGB,UK,,,,,,,,,1.5,1.5,26,26,37.5,37.5,12,12,6,6
Fuggle (UK),http://www.homebrewtalk.com/wiki/index.php/Fuggle_%28English%29,UK,"bittering, aroma","mild, spicy, woody aroma",3,6,2,3.1,25,30,0.7,1.4,24,28,30,39,9,14,5,7,"Willamette, Styrian Goldings",,60,80
Fuggle (UK),http://www.brewerssupplygroup.com/FileCabinet/HopVarietySubstitutions.pdf,UK,,,,,,,,,,,,,,,,,,,Willamette
Fuggle (UK),http://www.brewerssupplygroup.com/FileCabinet/HopVarieties.pdf,UK,,mild woody and fruity,4,5.5,2.2,3.1,26,26,0.7,1.1
Galaxy,COMBINED,US,dual,unique and striking aroma described as a combination of citrus and passion fruit. This variety also provides significant bittering. Intense and pleasant aroma.,13.8,13.8
Galaxy,http://www.hopsdirect.com/store/domestic-pellet-hops.html,US,dual,unique and striking aroma described as a combination of citrus and passion fruit. This variety also provides significant bittering. Intense and pleasant aroma.,13.8,13.8
Galena,COMBINED,US,bittering,citrusy. fruity/black-currant similar to Bullion,11,14,7,9,32,42,0.9,1.3,55,60,10,15,3,5.5,0,1,"Bullion, Nugget, Columbus/Tomahawk/Zeus",,75,80
Galena,Hopunion,US,,citrusy,12,14,7,9,38,42,0.9,1.2,55,60,10,15,3,5,0,1,nugget
Galena,NBLB,US,,,12,15,7,9.5,38,42,0.9,1.2,58,58,13,13,4,4,0,1
Galena,DGB,US,,,,,,,,,1.5,1.5,57.5,57.5,12.5,12.5,4,4,.5,0.5
Galena,http://www.homebrewtalk.com/wiki/index.php/Galena,US,bittering,fruity/black-currant similar to Bullion,11,14,7,9,32,42,0.9,1.3,55,60,10,15,3,5.5,0,1,Bullion,,75,80
Galena,http://www.brewerssupplygroup.com/FileCabinet/HopVarietySubstitutions.pdf,US,,,,,,,,,,,,,,,,,,,"CTZ, Nugget"
Galena,http://www.brewerssupplygroup.com/FileCabinet/HopVarieties.pdf,US,,Citrusy,11,13.5,7.2,8.4,40,40,0.8,1.2
Galena,http://www.usahops.org/userfiles/file/HGA%20BCI%20Reports/HGA%20Variety%20Manual%20-%20English%20(updated%20March%202011).pdf,US,,,11.5,13.5,7.2,8.7,36,40,0.9,1.3,55,60,10,13,4.5,5.5,0,1,"Nugget, CTZ",,79,79
Glacier,COMBINED,US,"bittering, aroma","excellent, pleasant hoppiness",3.3,9.7,5.4,9.5,11,13,0.7,1.6,33,62,24,36,6.5,10,0,0.3,"Willamette, Fuggle (US), Tettnang (US), Magnum, Styrian Golding","Washington State University breeding program, 2000",,,good
Glacier,Hopunion,US,,"excellent, pleasant hoppiness",5.5,5.5,8.2,8.2,11,13,0.7,1.6,33,62,24,36,6.5,10,0,1,"willamette, us fuggle, us tettnang, styrian golding",released in 2000
Glacier,http://www.homebrewtalk.com/wiki/index.php/Glacier,US,"bittering, aroma",,3.3,9.7,5.4,9.5,11,13,0.7,1.6,33,62,24,36,6.5,10,0,0.3,"Willamette, Golding, Magnum",,,,good
Glacier,http://www.brewerssupplygroup.com/FileCabinet/HopVarietySubstitutions.pdf,US,,,,,,,,,,,,,,,,,,,Willamette
Glacier,http://www.usahops.org/userfiles/file/HGA%20BCI%20Reports/HGA%20Variety%20Manual%20-%20English%20(updated%20March%202011).pdf,US,dual,,5.5,5.5,8.2,8.2,11,13,0.7,1.6,33,62,24,34,6.5,10,0,1,Willamette,"Washington State University breeding program, 2000"
Golding (US),COMBINED,US,,mild delicate classic English-type,4,5,2,3,20,25,0.5,1,20,35,35,45,10,15,0,1,"East Kent Golding, Progress (UK), Fuggle (UK), Willamette",,66,66
Golding (US),Hopunion,US,,mild delicate classic English-type,4,5,2,3,20,25,0.5,1,20,35,35,45,10,15,0,1,"UK EKG, UK Progress"
Golding (US),http://www.usahops.org/userfiles/file/HGA%20BCI%20Reports/HGA%20Variety%20Manual%20-%20English%20(updated%20March%202011).pdf,US,,typical English aroma,4,6,2,3,23,28,0.7,1.6,20,35,35,45,13,16,0,1,"Fuggle, Styrian Golding, EKG, Willamette",,66,66
Golding (US),http://www.brewerssupplygroup.com/FileCabinet/HopVarietySubstitutions.pdf,US,,,,,,,,,,,,,,,,,,,Fuggle
Golding (US),http://www.brewerssupplygroup.com/FileCabinet/HopVarieties.pdf,US,,mild fragrant and pleasant,4.5,6.5,2,3,25,25,0.8,1
"Golding, Canterbury (US)",COMBINED,US,,,4,7,5,8,21,23,1.2,1.7,30,38,30,40,13,16,0,1
"Golding, Canterbury (US)",http://www.brewasaurus.com/index.cfm/blogs/popular/c10_How-To-Questions/a1014_clgridley/index.cfm/index.cfm?action=ingredients&type=Hops&HopID=19,US,,,4,7,5,8,21,23,1.2,1.7,30,38,30,40,13,16,0,1
Golding (BC),COMBINED,BC,"bittering, aroma","""a more citrusy version of Willamette""",4,7
Golding (BC),http://www.homebrewtalk.com/wiki/index.php/British_Columbia_Golding,BC,"bittering, aroma","""a more citrusy version of Willamette""",4,7
Green Bullet,COMBINED,NZ,"bittering, aroma","""distinctive raisin-like character.""",9,14.5,6.5,7.5,41,43,1.1,1.1,38,52,20,28,6,9,0,0.3,Pride of Ringwood,,,,good
Green Bullet,http://www.homebrewtalk.com/wiki/index.php/Green_Bullet,NZ,"bittering, aroma","""distinctive raisin-like character.""",9,14.5,6.5,7.5,41,43,1.1,1.1,38,52,20,28,6,9,0,0.3,Pride of Ringwood,,,,good
Hallertau (US),COMBINED,US,aroma,"very mild, slightly flowery and somewhat spicy",3,5.5,3,5.5,18,24,0.6,1,35,44,30,38,10,12,0,1,"Hallertau Mittelfrüh (DE), Liberty, Mount Hood, Hallertau Tradition",,52,58
Hallertau (US),Hopunion,US,aroma,"very mild, slightly flowery and somewhat spicy",3.5,5.5,3.5,5.5,18,24,0.6,1,35,44,30,38,10,12,0,1,"Liberty, German Hallertau, German Tradition"
Hallertau (US),NBLB,US,,,3,5.5,3,5.5,18,24,0.6,1,40,40,34,34,11,11,0,1
Hallertau (US),DGB,US,,,,,,,,,0.8,,39.5,39.5,34,34,11,11,0.5,0.5
Hallertau (US),http://www.homebrewtalk.com/wiki/index.php/Hallertauer_%28American%29,US,aroma,,3.5,5.5,3.5,5.5,18,24,0.6,1,35,44,30,38,10,12,0,0.1,"Hallertau Hallertauer Mittlefrüh, Mount Hood, Liberty",,52,58
Hallertau (US),http://www.usahops.org/userfiles/file/HGA%20BCI%20Reports/HGA%20Variety%20Manual%20-%20English%20(updated%20March%202011).pdf,US,,,3.5,5.5,3.5,5.5,18,24,0.6,1,35,44,30,38,10,12,0,1,"Hallertau Mittlefrüh, Hallertau Tradition, Liberty, Mount Hood",,52,58
Hallertau Hersbrucker (DE),COMBINED,DE,aroma,"mild to semi-strong, pleasant and hoppy",2.5,5.5,2.5,5.5,18,24,0.6,1.2,15,25,15,33,7,12,0,1,"Mount Hood, Strisselspalt"
Hallertau Hersbrucker (DE),NBLB,DE,,,2.5,5.5,2.5,5.5,18,24,0.6,1.2,20,20,33,33,12,12,0,1
Hallertau Hersbrucker (DE),Hopunion,DE,,"mild to semi-strong, pleasant and hoppy",3,5.5,4,5.5,19,25,0.7,1.3,15,25,15,25,7,12,0,1,"Mt. Hood, French Strisselspalt "
Hallertau Hersbrucker (DE),http://www.brewerssupplygroup.com/FileCabinet/HopVarieties.pdf,DE,,Pleasant and hoppy mild to semi-strong,3,5,3.8,6.2,23,23,0.6,1.1
Hallertau Mittelfrüh (DE),COMBINED,DE,aroma,slightly flowery and spicy very mild,2.5,5.5,2.5,5.5,18,24,0.6,1,10,20,30,35,7,10,0,1,"Liberty, Hallertau Tradition, Ultra",classic German aroma hop
Hallertau Mittelfrüh (DE),NBLB,DE,,,2.5,5.5,2.5,5.5,18,24,0.6,1,20,20,33,33,12,12,0,1
Hallertau Mittelfrüh (DE),Hopunion,DE,,mild and pleasant,3.5,5.5,3,4,17,24,0.7,1.3,10,20,30,35,7,10,0,1,"Liberty, German Tradition, Ultra",classic German aroma hop
Hallertau Mittelfrüh (DE),http://www.homebrewtalk.com/wiki/index.php/Hallertau_Hallertauer_Mittelfr%C3%BCher,DE,noble,,4.1,4.6,4.7,4.7,23,26,1,1,15.5,17.5,55.1,55.1,14.5,14.6,0,0.1
Hallertau Mittelfrüh (DE),http://www.brewerssupplygroup.com/FileCabinet/HopVarieties.pdf,DE,,slightly flowery and spicy very mild,3.5,5.5,3.5,5.5,22,22,1,1.5
Hallertau Northern Brewer (DE),COMBINED,DE,"bittering, aroma",,7,10,3,5,27,33,1.2,2.1,30,35,25,31,8,12,0,0.1,"Perle (DE), Perle (US), Northern Brewer (US)"
Hallertau Northern Brewer (DE),http://www.homebrewtalk.com/wiki/index.php/Hallertau_Northern_Brewer,DE,"bittering, aroma",,7,10,3,5,27,33,1.2,2.1,30,35,25,31,8,12,0,0.1,"Perle, Northern Brewer (US)",,70,80
Hallertau Northern Brewer (DE),DGB,DE,,,,,,,,,1.85,1.85,32.5,32.5,27.5,27.5,9,9,0,0.5
Hallertau Tradition (DE),COMBINED,DE,aroma,,4,7,3,6,24,38,0.5,1.5,17,32,35,55,10,15,0,0.1,Hallertau Mittelfrüher (DE),,55,55
Hallertau Tradition (DE),http://www.homebrewtalk.com/wiki/index.php/Hallertau_Hallertauer_Tradition,DE,aroma,,4,7,3,6,24,38,0.5,1.5,17,32,35,55,10,15,0,0.1,Hallertau Hallertauer Mittelfrüher,,55,55
"Hallertau, Organic (NZ)",COMBINED,NZ,,"nice resiny, citrusy characteristic",7,9,6,6.5,35,35,0.9,1.1,45,48,10,12,6,6,5,5
"Hallertau, Organic (NZ)",Hopunion,NZ,,"nice resiny, citrusy characteristic",7,9,6,6.5,35,35,0.9,1.1,45,48,10,12,6,6,5,5
Hallertau (NZ),COMBINED,NZ,"aroma, bittering",clean dual-purpose lager hop with a floral and lime zest character.,6.5,9.5,7.7,8.5,28,37,0.9,1.0,35,47,12,17,6,9,4.5,7,Hallertau Mittelfrüh (DE),,,,good
Hallertau (NZ),http://www.homebrewtalk.com/wiki/index.php/New_Zealand_Hallertauer,NZ,"aroma, bittering",clean dual-purpose lager hop with a floral and lime zest character.,6.5,9.5,7.7,8.5,28,37,0.9,1.0,35,47,12,17,6,9,4.5,7,Hallertau Hallertauer Mittelfrüh,,,,good
Hallertau Magnum (DE),COMBINED,DE,bittering,,11,16,5,7,21,29,1.6,2.6,30,45,30,45,8,13,0,1,Galena,Hüll,,,very good
Hallertau Magnum (DE),http://www.homebrewtalk.com/wiki/index.php/Hallertauer_Magnum,DE,bittering,,11,16,5,7,21,29,1.6,2.6,30,45,30,45,8,13,0,1,Galena,Hüll,,,very good
Hallertau Gold (DE),COMBINED,DE
Hallertau Gold (DE),http://www.homebrewtalk.com/wiki/index.php/Hallertau_Hallertauer_Gold,DE
Herald,COMBINED,UK,bittering,"""combines strong bitterness with a citrusy, grapefruit character""",9,13,4.8,5.5,35,37,1,1.9,38,42,13,17,5,9,0,1,Target,Wye,,,good
Herald,http://www.homebrewtalk.com/wiki/index.php/Herald,UK,bittering,"""combines strong bitterness with a citrusy, grapefruit character""",9,13,4.8,5.5,35,37,1,1.9,38,42,13,17,5,9,0,1,Target,Wye,,,good
Horizon,COMBINED,US,dual,"clean-tasting, floral, spicy; subtle bitterness",10.2,16.5,6.5,8.5,16,22,1.2,2.6,55,70,8,13,5,9,2.5,3.5,Magnum,"""currently grown only by a single American producer and so is not generally available to home brewers.""; half-sister to Nugget; low cohumulone results in a clean-tasting beer",,,average-good
Horizon,Hopunion,US,,"floral, spicy",11,13,6.5,8.5,16,19,1.5,2,55,65,11,13,7.5,9,2.5,3.5,magnum
Horizon,http://www.homebrewtalk.com/wiki/index.php/Horizon,US,bittering,"clean, subtle bitterness",10.2,16.5,6.5,8.5,17,22,1.2,2.6,65,70,8,10,5,6,2,2,,"""currently grown only by a single American producer and so is not generally available to home brewers.'",,,fair to good
Horizon,http://www.brewerssupplygroup.com/FileCabinet/HopVarietySubstitutions.pdf,US,,,,,,,,,,,,,,,,,,,Magnum
Horizon,http://www.brewerssupplygroup.com/FileCabinet/HopVarieties.pdf,US,,"floral, spicy",10,13,6.5,8.5,18,18,1.2,2.6
Horizon,http://www.usahops.org/userfiles/file/HGA%20BCI%20Reports/HGA%20Variety%20Manual%20-%20English%20(updated%20March%202011).pdf,US,dual,clean-tasting,11,13,6.5,8.5,16,19,1.5,2,55,65,11,13,7.5,9,2.5,3.5,Magnum,half-sister to Nugget; low cohumulone results in a clean-tasting beer,,,average to good
Liberty,COMBINED,US,aroma,"""unique slightly spicy character and, unlike its half-sisters, is considered a true noble hop by some""",3.5,6,2.9,5,24,30,0.6,1.2,20,40,35,40,9,12,0,1,"Hallertau (US), Halltertau Mittelfrüh (DE), Hallertau Tradition (DE), Mount Hood, Ultra",,35,50
Liberty,Hopunion,US,,mild with a slightly spicy character,3,5,3,4,24,30,0.6,1.2,20,40,35,40,9,12,0,1,"US or DE Hallertau, German Tradition, Mt. Hood"
Liberty,NBLB,US,,,3,5.5,3,4.5,24,30,0.6,1.2,38,38,38,38,11,11,0,1
Liberty ,DGB,US,,,,,,,,,0.9,0.9,37.5,37.5,37.5,37.5,10.5,10.5,.5,0.5
Liberty,http://www.homebrewtalk.com/wiki/index.php/Liberty,US,aroma,"""unique slightly spicy character and, unlike its half-sisters, is considered a true noble hop by some""",3,6,3,4,24,28,0.7,1.8,24,42,30,40,9,12,0,1,"Hallertauer, Tettnanger, Mount Hood, Ultra",,50,50
Liberty,http://www.brewerssupplygroup.com/FileCabinet/HopVarietySubstitutions.pdf,US,,,,,,,,,,,,,,,,,,,"Mt. Hood, Hallertau"
Liberty,http://www.brewerssupplygroup.com/FileCabinet/HopVarieties.pdf,US,,"mild, slightly spicy",3.5,6,2.9,5,27,27,0.8,1.2
Liberty,http://www.usahops.org/userfiles/file/HGA%20BCI%20Reports/HGA%20Variety%20Manual%20-%20English%20(updated%20March%202011).pdf,US,,,3,5,3,4,24,30,0.6,1.2,20,40,35,40,9,12,0,1,"Hallertau, Mount Hood",,35,40
Lublin/Lubelski,COMBINED,PL,aroma,"""considered noble by some and has a chemical composition and aroma characteristics very similar to the classic noble hops""",3,5,2.5,4,25,30,0.5,1.2,22,35,30,40,6,11,10,14,"Saaz (CZ), Saaz (US)",,40,55
Lublin,NBLB,PL,,,3,4.5,2.5,3.5,25,30,0.7,1.2,30,30,38,38,10,10,11,11,,aka Lubelski
Lublin,DGB,PL,,,,,,,,,0.95,0.95,30,30,37.5,37.5,10,10,11,11,,aka Lubelski
Lublin,http://www.homebrewtalk.com/wiki/index.php/Lublin_%28Lubelski%29,PL,aroma,"""considered noble by some and has a chemical composition and aroma characteristics very similar to the classic noble hops""",3,5,2.5,4,25,30,0.5,1.2,22,35,30,40,6,11,10,14,Saaz,aka Lubelski,40,55
Magnum (US),COMBINED,US,bittering,"no real distinct aroma character, so is viewed favorably as a clean bittering hop",12,14,4.5,6,24,28,1.9,2.3,30,35,34,48,8,12,0,1,"Magnum (DE), Nugget, Columbus/Tomahawk/Zeus"
Magnum (US),Hopunion,US,bittering,no real distinct aroma character; clean bittering hop,12,14,4.5,6,24,28,1.9,2.3,30,35,34,48,8,12,0,1,German Magnum
Magnum (US),http://www.usahops.org/userfiles/file/HGA%20BCI%20Reports/HGA%20Variety%20Manual%20-%20English%20(updated%20March%202011).pdf,US,,,12,14,4.5,6,24,28,1.9,2.3,30,35,35,40,8,12,0,1,"German Magnum, CTZ, Nugget"
Magnum (DE),COMBINED,DE,bittering,"no real distinct aroma character, so is viewed favorably as a clean bittering hop",12,14,4.5,5,24,25,1.9,2.3,30,35,34,40,8,12,0,1,"Magnum (US), Nugget, Columbus/Tomahawk/Zeus"
Magnum (DE),Hopunion,DE,bittering,"no real distinct aroma character, so is viewed favorably as a clean bittering hop",12,14,4.5,5,24,25,1.9,2.3,30,35,34,40,8,12,0,1,"Columbus, Nugget"
Magnum (DE),http://www.brewerssupplygroup.com/FileCabinet/HopVarietySubstitutions.pdf,DE,bittering,,,,,,,,,,,,,,,,,,Northdown
Magnum (DE),http://www.brewerssupplygroup.com/FileCabinet/HopVarieties.pdf,DE,bittering,no distinct aroma/flavor; clean bittering hop,12,14,4.2,4.9,25,25,1.5,2.1
Millenium,COMBINED,US,bittering,"""Millennium hops are very similar to Nugget hops in aroma and flavor. Some descriptors included floral, resiny, and a bit spicy/herbal.""",14.5,16.5,4.3,5.3,28,32,1.8,2.2,23,27,30,40,9,12,0,1,"Nugget, Columbus/Tomahawk/Zeus"
Millenium,Hopunion,US,,"mild, herbal, similar to Nugget",15.5,15.5,4.8,4.8,30,30,2,2,,,25,25,10.6,10.6,0,1,Nugget and Columbus
Millenium,http://www.homebrewtalk.com/wiki/index.php/Millennium,US,bittering,"""Millennium hops are very similar to Nugget hops in aroma and flavor. Some descriptors included floral, resiny, and a bit spicy/herbal.""",14.5,16.5,,,,,,,,,,,,,,,Nugget and Columbus,,,,good
Millenium,http://www.brewasaurus.com/index.cfm/blogs/popular/c10_How-To-Questions/a1014_clgridley/index.cfm/index.cfm?action=ingredients&type=Hops&HopID=13,US,bittering,,14.5,16.5,4.3,5.3,28,32,1.8,2.2,23,27,30,40,9,12,0,1
Millenium,http://www.usahops.org/userfiles/file/HGA%20BCI%20Reports/HGA%20Variety%20Manual%20-%20English%20(updated%20March%202011).pdf,US,,,14.5,16.5,4.3,5.3,28,32,1.8,2.2,23,27,30,40,9,12,0,1,"Nugget, CTZ",,76,76
Mount Hood,COMBINED,US,aroma,mild and clean aroma and flavour,3,8,4,7.5,22,27,1,1.7,30,65,15,35,7,15,0,1,"Hallertau (US), Tettnang (DE), Liberty, Ultra",,50,50
Mount Hood,Hopunion,US,,"mild, somewhat pungent",5,8,5,7.5,22,23,1,1.3,55,65,15,25,7,10,0,1,"Crystal, French Strisselspalt, Hersbrucker"
Mount Hood,DGB,US,,,,,,,,,1.15,1.15,60,60,20,20,8.5,8.5,.5,.5
Mount Hood,NBLB,US,,,3,6.5,3,5.5,24,30,0.6,1.2,38,38,38,38,11,11,0,1
Mount Hood,http://www.homebrewtalk.com/wiki/index.php/Mount_Hood,US,aroma,mild and clean aroma and flavour,3,8,4,7.5,22,27,1.0,1.7,30,65,15,35,7,15,0,1,"Hallertauer, Tettnanger, Liberty, Ultra",,50,50
Mount Hood,http://www.brewerssupplygroup.com/FileCabinet/HopVarietySubstitutions.pdf,US,,,,,,,,,,,,,,,,,,,Liberty
Mount Hood,http://www.brewerssupplygroup.com/FileCabinet/HopVarieties.pdf,US,,mild pleasant herbal and clean,4,6.5,3.6,5.9,23,23,1.9,2.3
Mount Hood,http://www.usahops.org/userfiles/file/HGA%20BCI%20Reports/HGA%20Variety%20Manual%20-%20English%20(updated%20March%202011).pdf,US,,,4,7,5,8,21,23,1.2,1.7,30,40,30,38,13,16,0,1,"Strisselspalt, Hersbrucker, Hallertauer",,55,55
Mt Ranier,COMBINED,US,"bittering, aroma",Hallertauer-like flavor and aroma; licorice and citrus.,6.2,6.2,,,22,22
Mt Ranier,http://www.homebrewtalk.com/wiki/index.php/Mt._Rainier,US,"bittering, aroma",Hallertauer-like flavor and aroma; licorice and citrus.,6.2,6.2,,,22,22
Nelson Sauvin,COMBINED,NZ,aroma,"unique fruit, white wine grape",12,13,6,8,24,24,1,1.2
Nelson Sauvin,http://www.brewerssupplygroup.com/FileCabinet/HopVarieties.pdf,NZ,aroma,"unique fruit, white wine grape",12,13,6,8,24,24,1,1.2
Newport,COMBINED,US,,mild,13.5,17,7.2,9.1,36,38,1.6,3.6,47,54,9,14,4.5,7,0,1,"Galena, Nugget, Fuggle, Magnum, Brewer's Gold (DE)",Hallertau Magnum mother,60,60
Newport,Hopunion,US,,mild,13.5,17,7.2,9.1,36,38,1.6,3.6,47,54,9,14,4.5,7,0,1,"Galena, Nugget, Fuggle, Magnum, Brwer's Gold"
Newport,http://www.usahops.org/userfiles/file/HGA%20BCI%20Reports/HGA%20Variety%20Manual%20-%20English%20(updated%20March%202011).pdf,US,,,13.5,17,7.2,9.7,36,38,1.6,3.4,47,54,9,14,4.5,7,0,1,"Magnum, Galena, Nugget",Hallertau Magnum mother,60,60
Northern Brewer (US),COMBINED,US,dual,medium-strong,6.5,10,1.5,5,20,30,1.5,2,50,60,20,30,5,10,0,1,"Northern Brewer (DE), Chinook, Perle, Magnum",,70,85
Northern Brewer (US),Hopunion,US,,medium-strong,8,10,3,5,20,30,1.5,2,50,60,20,30,5,10,0,1,"German Northern Brewer, Chinook"
Northern Brewer (US),NBLB,US,,,6.5,10,1.5,5,20,30,1.5,2,55,55,25,25,8,8,0,1
Northern Brewer (US),DGB,US,,,,,,,,,1.75,1.75,55,55,25,25,7.5,7.5,5
Northern Brewer (US),http://www.homebrewtalk.com/wiki/index.php/Northern_Brewer_%28American%29,US,bittering,,8,10,3,5,20,30,1.5,2,50,60,20,30,5.5,8.5,0,0.1,"Perle, Hallertau Northern Brewer",,70,80
Northern Brewer (US),http://www.brewerssupplygroup.com/FileCabinet/HopVarieties.pdf,US,,medium to strong,7,9,3.2,4.1,29,29,1.2,1.8
Northern Brewer (US),http://www.usahops.org/userfiles/file/HGA%20BCI%20Reports/HGA%20Variety%20Manual%20-%20English%20(updated%20March%202011).pdf,US,dual,,8,10,3,5,20,30,1.5,2,50,60,20,30,5,10,0,1,"Northern Brewer (DE), Chinook, Galena, Magnum",,70,85
Northern Brewer (DE),COMBINED,DE,dual,medium-strong with some wild American tones,7,10,3.5,5,28,33,1.6,2.1,30,35,25,30,8,10,0,1,"Chinook, Northern Brewer (US), Brewer's Gold (DE)"
Northern Brewer (DE),Hopunion,DE,,medium-strong with some wild American tones,7,10,3.5,5,28,33,1.6,2.1,30,35,25,30,8,10,0,1,"Chinook, US Northern Brewer, German Brewer's Gold"
Northern Brewer (DE),NBLB,DE,,,6,10,6,5,28,33,1.6,2.1,33,33,28,28,9,9,0,1
Northern Brewer (DE),http://www.brewerssupplygroup.com/FileCabinet/HopVarietySubstitutions.pdf,DE,,,,,,,,,,,,,,,,,,,Nugget
Northern Brewer (UK),COMBINED,UK,"bittering, aroma"
Northern Brewer (UK),http://www.homebrewtalk.com/wiki/index.php/Northern_Brewer_%28British%29,UK,"bittering, aroma"
Northdown,COMBINED,UK,dual,"clean and mild bitterness and a distinctive strong, woody, minty flavor.",6,10,3.6,6.2,23,30,1.2,2.5,23,36,40,45,13,17,0,1,"Perle, Galena, Norther Brewer, Challenger",,60,80
Northdown,Hopunion,UK,,"mild, pleasant and delicate hop aroma",7.5,9.5,5,5.5,24,30,1.5,2.5,23,29,40,45,13,17,0,1,"UK Challenger, Northern Brewer",dual-purpose
Northdown,NBLB,UK,,,7,9,4.5,7,28,32,1.2,2.2,25,25,43,43,15,15,0,1
Northdown,http://www.homebrewtalk.com/wiki/index.php/Northdown,UK,"bittering, aroma","clean and mild bitterness and a distinctive strong, woody, minty flavor.",6,10,3.6,6.2,23,30,1.5,2.5,23,36,40,45,13,17,0,1,"Perle, Galena, Norther Brewer, Challenger",,60,80
Northdown,http://www.brewerssupplygroup.com/FileCabinet/HopVarietySubstitutions.pdf,UK,,,,,,,,,,,,,,,,,,,"Magnum, Challenger"
Nugget,COMBINED,US,bittering,"smooth but somewhat heavy, herbal, spicy bitterness",12,14.5,4,8,24,30,1.7,2.3,51,59,12,22,7,10,0,1,"Perle, Olympic, Galena, Magnum, Columbus/Tomahawk/Zeus, Target",,70,80
Nugget,Hopunion,US,,herbal,12,14,4,6,24,30,1.7,2.3,51,59,12,22,7,10,0,1,"Galena, Magnum, Columbus, Wye Target"
Nugget,NBLB,US,,,12,16,4,8,24,30,1.7,2.3,55,55,18,18,9,9,0,1
Nugget,DGB,US,,,,,,,,,1.95,1.95,55,55,17,17,8.5,8.5,0,1
Nugget,http://www.homebrewtalk.com/wiki/index.php/Nugget,US,bittering,"smooth but somewhat heavy, herbal, spicy bitterness",12,14.5,,,24,30,1.7,2.3,51,59,12,22,7,10,0,1,"Perle, Olympic",,70,80
Nugget,http://www.brewerssupplygroup.com/FileCabinet/HopVarietySubstitutions.pdf,US,,,,,,,,,,,,,,,,,,,"Northern Brewer, CTZ"
Nugget,http://www.brewerssupplygroup.com/FileCabinet/HopVarieties.pdf,US,,herbal,12,13.5,4,5,27,27,1.5,2.2
Nugget,http://www.usahops.org/userfiles/file/HGA%20BCI%20Reports/HGA%20Variety%20Manual%20-%20English%20(updated%20March%202011).pdf,US,,"mild herbal, low cohumulone",11.5,14,4.2,5.8,22,26,1.8,2.2,48,55,16,19,7,9,0,1,"Galena, CTZ, Magnum",,76,76
Olympic,COMBINED,US,bittering,"spicy, citrusy aroma",10,13,3.8,6.1,26,40,0.9,2.6,60,67,3,10,5,7,0,1,Chinook,,,,fair-good
Olympic,http://www.homebrewtalk.com/wiki/index.php/Olympic,US,bittering,"spicy, citrusy aroma",10,13,3.8,6.1,26,40,0.9,2.6,60,67,3,10,5,7,0,1,Chinook,,,,fair-good
Pallisade,COMBINED,US,aroma,Some describe as grassy and piney with hints of apricot.,5.5,9.5,6,8,24,29,1.4,1.6,9,10,16,18,19,22,,,Willamette,YCR 4 cv.,,,good
Pallisade,http://www.usahops.org/userfiles/file/HGA%20BCI%20Reports/HGA%20Variety%20Manual%20-%20English%20(updated%20March%202011).pdf,US,aroma,,5.5,9.5,6,8,24,29,1.4,1.6,9,10,16,18,19,22,,,Willamette,YCR 4 cv.,,,good
Pallisade,http://morebeer.com/view_product/11808,US,dual,Some describe as grassy and piney with hints of apricot.
Pacific Coast Cluster,COMBINED,US,bittering,,,,,,,,,,,,,,,,,,Chinook,"one of the early cluster varieties; aka ""Old English Cluster"""
Pacific Coast Cluster,http://www.homebrewtalk.com/wiki/index.php/Old_English_Cluster,US,bittering,,,,,,,,,,,,,,,,,,Chinook,"one of the early cluster varieties; aka ""Old English Cluster"""
Pacific Gem,COMBINED,NZ,dual,cask-oak or woody character and blackberry notes when used in bittering.,13,16,7,9,37,40,1.2,1.4,33,55,18,30,7,11,0,0.3,"Magnum, Millennium, Nugget, Columbus/Tomahawk/Zeus",,,,good-very good
Pacific Gem,Hopunion,NZ,,"pleasant, blackberry",14,16,8,8,39,39,1.4,1.4,55,55,18,18,7,7,0,1,,bittering hop. woody flavor
Pacific Gem,http://www.homebrewtalk.com/wiki/index.php/Pacific_Gem,NZ,"bittering, aroma",cask-oak or woody character and blackberry notes when used in bittering.,13,16,7,9,37,40,1.2,1.4,33,55,18,30,7,11,0,0.3,"Magnum, Millennium, Nugget, Columbus",,,,good-very good
Pacific Jade,COMBINED,NZ,dual,"""bold” as it delivers a herbal infusion of fresh citrus and crushed black pepper. Brewing trials have illustrated Pacific Jade as an excellent hop that delivers a pleasing soft bitterness matched to desirable aroma characteristics.",12,14,7,8,24,24,0.8,0.8,33.3,33.3,32.9,32.9,10.2,10.2,.3,.3
Pacific Jade,http://www.rebelbrewer.com/shoppingcart/products/Pacific-Jade-Hops-1oz-Pellets.html,NZ,dual,"""bold” as it delivers a herbal infusion of fresh citrus and crushed black pepper. Brewing trials have illustrated Pacific Jade as an excellent hop that delivers a pleasing soft bitterness matched to desirable aroma characteristics.",12,14,7,8,24,24,0.8,0.8,33.3,33.3,32.9,32.9,10.2,10.2,.3,.3
Perle (US),COMBINED,US,dual,floral and slightly spicy,7,9.5,4,5,27,32,0.7,0.9,45,55,28,33,10,12,0,1,"Perle (DE), Northern Brewer",,80,85
Perle (US),Hopunion,US,,floral and slightly spicy,7,9.5,4,5,27,32,0.7,0.9,45,55,28,33,10,12,0,1,"German Perle, German and US Northern Brewer"
Perle (US),NBLB,US,,,5.5,9.5,3.5,5,27,32,.7-.9,,50,50,31,31,11,11,0,1
Perle (US),DGB,US,,,,,,,,,0.8,0.8,50,50,30.5,30.5,11,11,.5,.5
Perle (US),http://www.homebrewtalk.com/wiki/index.php/Perle_%28American%29,US,"bittering, aroma",,7,11,4,5,27,32,.7-.9,,45,55,28,33,10,12,0,1,"Perle, Northern Brewer",,80,85
Perle (US),http://www.usahops.org/userfiles/file/HGA%20BCI%20Reports/HGA%20Variety%20Manual%20-%20English%20(updated%20March%202011).pdf,US,dual,nice,7,9.5,4,5,27,32,.7-.9,,45,55,28,33,10,12,0,1,"Perle (DE), Northern Brewer",,80,85
Perle (DE),COMBINED,DE,dual,"floral and slightly spicy, moderately intense",4,9,2.5,5,27,35,0.5,1.5,10,55,28,55,8,20,0,1,"Perle (US), Northern Brewer",,70,85
Perle (DE),Hopunion,DE,,"moderately intense, good and hoppy",6,8,3.5,5.5,25,32,0.8,1.3,10,20,30,36,8,10,0,1,"US Perle, Northern Brewer","dual-purpose, good bittering and aroma"
Perle (DE),http://www.homebrewtalk.com/wiki/index.php/Perle,DE,"bittering, aroma","pleasant, minty",4,9,2.5,5,27,35,0.5,1.5,10,55,28,55,8,20,0,1,"Perle (US), Northern Brewer",,70,85
Perle (DE),http://www.brewerssupplygroup.com/FileCabinet/HopVarietySubstitutions.pdf,DE,,,,,,,,,,,,,,,,,,,Challenger
Perle (DE),http://www.brewerssupplygroup.com/FileCabinet/HopVarieties.pdf,DE,,"floral and slightly spicy, moderately intense",5.5,8.5,3.1,4.7,29,29,0.7,1.2
Phoenix,COMBINED,UK,"bittering, aroma",Challenger,7,15,3.3,5.5,24,33,1.2,3,24,32,25,32,8,10,1,2,Challenger,Wye,,,very good
Phoenix,http://www.homebrewtalk.com/wiki/index.php/Phoenix,UK,"bittering, aroma",Challenger,7,15,3.3,5.5,24,33,1.2,3,24,32,25,32,8,10,1,2,Challenger,Wye,,,very good
Pilgrim,COMBINED,UK,"bittering, aroma","""distinctive aroma because of its high selinine levels.""",9,13,4.2,5.2,36,38,1.6,2,25,36,15,19,7,8,.3,.3,"Target, Challenger",Wye,,,good-excellent
Pilgrim,http://www.homebrewtalk.com/wiki/index.php/Pilgrim,UK,"bittering, aroma","""distinctive aroma because of its high selinine levels.""",9,13,4.2,5.2,36,38,1.6,2,25,36,15,19,7,8,.3,.3,"Target, Challenger",Wye,,,good-excellent
Pioneer,COMBINED,UK,"bittering, aroma","""pleasant english character""",8,10,3.5,4,36,40,1,1.8,31,36,22,24,7,8,0,1,East Kent Golding,,,,good
Pioneer,http://www.homebrewtalk.com/wiki/index.php/Pioneer,UK,"bittering, aroma","""pleasant english character""",8,10,3.5,4,36,40,1,1.8,31,36,22,24,7,8,0,1,East Kent Golding,,,,good
Pride of Kent,COMBINED,UK,"bittering, aroma",,8,11,6,8,27,40,1.6,2.5,60,85,5,15,3,5,,,,,42,42
Pride of Kent,http://www.homebrewtalk.com/wiki/index.php/Pride_of_Kent,UK,"bittering, aroma",,8,11,6,8,27,40,1.6,2.5,60,85,5,15,3,5,,,,,42,42
Pride of Ringwood,COMBINED,AU,dual,"""distinct citrus aroma that is strong and somewhat coarse but still pleasant""",7,10.5,4,6,32,39,0.9,2,25,50,2,8,5,10,0,1,"East Kent Golding, Centennial, Galena, Cluster",,45,55
Pride of Ringwood,Hopunion,AU,,quite pronounced but not unpleasant,7,10,4,6,33,39,1,2,25,50,3,8,5,10,0,1,"Galena, Cluster",primarily a bittering hop but with interesting aromatic qualities
Pride of Ringwood,NBLB,AU,,,6,10,3,6,33,39,1,2,38,38,6,6,8,8,0,1
Pride of Ringwood,DGB,AU,,,,,,,,,1.5,1.5,37.5,37.5,5.5,5.5,7.5,7.5,.5,.5
Pride of Ringwood,http://www.homebrewtalk.com/wiki/index.php/Pride_of_Ringwood,AU,"bittering, aroma","""distinct citrus aroma that is strong and somewhat coarse but still pleasant""",7,10.5,4,6,32,39,0.9,2,25,50,2,8,5,10,0,1,"EKG, Centennial, Galena, Cluster",,45,55
Progress,COMBINED,UK,dual,"""mild spicy or woody character somewhat similar to Fuggle (British), but is slightly sweeter, and usually provides a softer bitterness in beers of all types""",4,7.5,2,2.5,25,36,0.6,1.2,30,35,40,47,12,15,.5,.5,"Fuggle, Whitbread Goldings, East Kent Golding",,60,80
Progress,Hopunion,UK,,"moderately strong, good aroma",5,7,2,2.5,25,30,0.6,1.2,30,35,40,47,12,15,0,1,"UK Kent Golding, Fuggle"
Progress,DGB,UK,,,,,,,,,.9,.9,32.5,32.5,43.5,43.5,13.5,13.5,.5,.5
Progress,http://www.homebrewtalk.com/wiki/index.php/Progress,UK,"bittering, aroma","""mild spicy or woody character somewhat similar to Fuggle (British), but is slightly sweeter, and usually provides a softer bitterness in beers of all types""",4,7.5,2,2.5,25,36,0.6,1.2,30,35,40,47,12,15,.5,.5,"Fuggle, Whitbread Goldings, EKG",,60,80
Progress,http://www.brewerssupplygroup.com/FileCabinet/HopVarietySubstitutions.pdf,UK,,,,,,,,,,,,,,,,,,,Fuggle
Progress,http://www.brewerssupplygroup.com/FileCabinet/HopVarieties.pdf,UK,,moderately strong good aroma,5,7.5,1.8,2.7,27,27,0.5,0.8
Rakau,COMBINED,NZ,dual, late hop character delivering tropical fruit aromas of passionfruit and peach.,9,11,,,25,25
Rakau,http://www.rebelbrewer.com/shoppingcart/products/Rakau-Hops-1oz-Pellets.html,NZ,dual, late hop character delivering tropical fruit aromas of passionfruit and peach.,9,11,,,25,25
Riwaka/D Saaz,COMBINED,AU,aroma,,5.9,5.9
Riwaka/D Saaz,http://www.grainandgrape.com.au/product_info.php?cPath=1_39_45&products_id=8883,AU,aroma,,5.9,5.9
Saaz (US),COMBINED,US,aroma,"very mild, spicy and earthy",3,4.5,3,4.5,24,28,0.5,1,25,30,35,40,9,11,9,13,"Saaz (CZ), Polish Lublin, Sterling, Ultra, Sterling",,45,55
Saaz (US),Hopunion,US,,"very mild, spicy and earthy",3,4.5,3,4.5,24,28,0.5,1,25,30,35,40,9,11,9,13,"Czech Saaz, Polish Lublin, Sterling"
Saaz (US),DGB,US,,,,,,,,,0.6,0.6,37,37,23,23,7,7
Saaz (US),http://www.homebrewtalk.com/wiki/index.php/Saaz_%28American%29,US,aroma,,3,4.5,3,4.5,24,28,0.5,1,25,30,35,40,9,11,9,13,"Saaz (CZ), Polnischer, Lublin, Tettnanger, Ultra, Sterling",,45,55
Saaz (US),http://www.brewerssupplygroup.com/FileCabinet/HopVarietySubstitutions.pdf,US,,,,,,,,,,,,,,,,,,,Sterling
Saaz (US),http://www.usahops.org/userfiles/file/HGA%20BCI%20Reports/HGA%20Variety%20Manual%20-%20English%20(updated%20March%202011).pdf,US,,,3,4.5,3,4.5,24,28,0.5,1,25,30,35,40,9,11,9,13,"Saaz (CZ), Lublin, Sterling",,45,55
Saaz (CZ),COMBINED,CZ,aroma,,3,6,3,8,23,28,0.4,1,20,40,15,45,10,12,11,20,"Saaz (US), Polnischer, Lublin, Tettnanger, Ultra, Sterling",,45,55
Saaz (CZ),Hopunion,CZ,,Very mild with pleasant hoppy notes,3,4.5,3,4.5,24,28,0.4,0.7,20,25,40,45,10,12,11,15,"US Saaz, Polish Lublin, US Sterling",class noble aroma hop
Saaz (CZ),NBLB,CZ,,,2.5,4.5,4,4.5,22,28,0.4,0.7,23,23,43,43,11,11,13,13
Saaz (CZ),DGB,CZ,,,,,,,,,.55,.55,22.5,22.5,42.5,42.5,11,11,13,13
Saaz (CZ),http://www.homebrewtalk.com/wiki/index.php/Saaz_%28Czech%29,CZ,aroma,"mild, pleasant flavor",3,6,3,8,23,28,0.4,1,20,40,15,45,10,12,11,20,"Saaz (US), Polnischer, Lublin, Tettnanger, Ultra, Sterling",,45,55
Saaz (CZ),http://www.brewerssupplygroup.com/FileCabinet/HopVarieties.pdf,CZ,,"spicy and earthy mild, pleasant hoppy notes",2.5,4.5,2.8,5,26,26,0.4,0.8
Santiam,COMBINED,US,aroma,"floral, slightly spicy",5,7,6,8.5,20,24,1.3,1.7,27,45,20,26,5,8,13,16,"Tettnang, Spalt",,40,50
Santiam,Hopunion,US,,"floral, slightly spicy",5,7,6,8,22,24,1.3,1.5,27,36,23,26,7,8,13,16,"German Tettnang, German Spalt, German Spalter Select"
Santiam,http://www.homebrewtalk.com/wiki/index.php/Santiam,US,aroma,,5,7,6,8.5,20,24,1.3,1.7,27,45,20,26,5,8,13,16,"Tettnang Tettnanger, Spalt Spalter",,40,50
Santiam,http://www.usahops.org/userfiles/file/HGA%20BCI%20Reports/HGA%20Variety%20Manual%20-%20English%20(updated%20March%202011).pdf,US,,,5,7,6,8,22,24,1.3,1.5,27,36,23,26,7,8,13,16,"Tettnang, Spalt, Spalt Select",,,,average
Saphir,COMBINED,DE,aroma,floral,3,5.5,4,7,15,15,0.8,1.4
Saphir,http://www.brewerssupplygroup.com/FileCabinet/HopVarieties.pdf,DE,aroma,floral,3,5.5,4,7,15,15,0.8,1.4
Satus,COMBINED,US,bittering,similar to Galena,12.5,14,8.5,9,32,35,1.5,1.8,23,27,21,25,10,14,0,1,Galena,,,,good
Satus™,http://www.homebrewtalk.com/wiki/index.php/Satus,US,bittering,similar to Galena,12.5,14,8.5,9,32,35,1.5,1.8,23,27,21,25,10,14,0,1,Galena,,,,good
Select,COMBINED,DE,,very fine Spalter type aroma,4,6,3.5,4.5,21,25,0.5,1,15,25,15,25,7,11,15,25,"Saaz (US), Tettnang (US), Spalt (DE), Tettnang (DE), Hersbrucker (DE)"
Select,Hopunion,DE,,very fine Spalter type aroma,4,6,3.5,4.5,21,25,0.5,1,15,25,15,25,7,11,15,25,"US Saaz, US Tettnang, German Spalt, German Tettnang, German Hersbrucker"
Simcoe,COMBINED,US,dual,"very unique, pine-like aroma",12,14,4,5,15,20,2,2.5,60,65,10,15,5,8,0,1,"Amarillo, Summit, Magnum",YCR14; released in 2000,,,good
Simcoe™,Hopunion,US,,"very unique, pine-like aroma",12,14,4,5,15,20,2,2.5,60,65,10,15,5,8,0,1,Amarillo,released in 2000
Simcoe™,http://www.homebrewtalk.com/wiki/index.php/Simcoe,US,"aroma, bittering",Amarillo,12,14,4,5,15,20,2,2.5,60,65,10,15,5,8,0,1,Amarillo,,,,good
Simcoe,http://www.brewasaurus.com/index.cfm/blogs/popular/c10_How-To-Questions/a1014_clgridley/index.cfm/index.cfm?action=ingredients&type=Hops&HopID=22,US,,,12,14,4,5,15,20,2,2.5,60,65,10,15,5,8,0,1,"Summit, Magnum",YCR14
Simcoe,http://www.brewerssupplygroup.com/FileCabinet/HopVarietySubstitutions.pdf,US,,,,,,,,,,,,,,,,,,,"Summit, Magnum"
Simcoe,http://www.usahops.org/userfiles/file/HGA%20BCI%20Reports/HGA%20Variety%20Manual%20-%20English%20(updated%20March%202011).pdf,US,,"unique, pine-like aroma",12,14,4,5,15,20,2,2.5,60,65,10,15,5,8,,,"Summit, Magnum",YCR 14 CV.,,,good
Sonnet™ Golding,COMBINED
Sonnet™ Golding,http://www.hopsdirect.com/store/domestic-pellet-hops.html
Sorachi Ace,COMBINED,JP,aroma,noble; strong but pleasant lemon character,11,12.5,6.5,7,25,25,1.2,1.8
Sorachi Ace,http://www.homebrewtalk.com/wiki/index.php/Sorachi_Ace,JP,aroma,noble; strong but pleasant lemon character,16,16,,,23,23
Sorachi Ace,http://www.brewerssupplygroup.com/FileCabinet/HopVarieties.pdf,JP,,lemony,11,12.5,6.5,7,25,25,1.2,1.8
Southern Cross,COMBINED,NZ,"bittering, aroma",citrusy and spicy aromas,11,14,5,6,25,28,1.2,1.2,32,32,21,21,6.7,6.7,7.3,7.3,"Northern Brewer, Chinook",,,,good
Southern Cross,http://www.homebrewtalk.com/wiki/index.php/Southern_Cross,NZ,"bittering, aroma",citrusy and spicy aromas,11,14,5,6,25,28,1.2,1.2,32,32,21,21,6.7,6.7,7.3,7.3,"Northern Brewer, Chinook",,,,good
Soverign,COMBINED,UK,aroma,mild flavor similar to Fuggle,5,6,2.3,2.5,28,28,0.6,1,,,,,,,,,Fuggle
Soverign,http://www.homebrewtalk.com/wiki/index.php/Sovereign,UK,aroma,maybe noble,4,7,,,,,,,,,,,,,,,Fuggles,"""new"""
Soverign,http://www.brewerssupplygroup.com/FileCabinet/HopVarieties.pdf,UK,,mild flavor similar to Fuggle,5,6,2.3,2.5,28,28,0.6,1,,,,,,,,,,Sterling
Soverign,http://www.brewerssupplygroup.com/FileCabinet/HopVarietySubstitutions.pdf,UK,aroma,"""mild flavor similar to Fuggle""",5,6,2.3,2.5,28,28,0.6,1
Spalt (DE),COMBINED,DE,aroma,"mild, spicy aroma that is often compared to Czech Saaz or Tettnang Tettnanger",2.5,6,3,5,22,29,0.5,1.1,15,25,18,25,10,15,10,15,"Saaz (US), Tettnang (US), Spalt Select (DE)",,46,60
Spalt (DE),Hopunion,DE,,"mild and pleasant, slightly spicy",4,5,4,5,23,28,0.5,1.1,15,25,18,25,10,15,10,15,"Us Saaz, US Tettnang, German Spalt Select","traditional, very find or noble hop aroma"
Spalt (DE),NBLB,DE,,,4,5.5,4,5.5,23,28,0.5,1.1,20,20,22,22,13,13,13,13
Spalt (DE),DGB,DE,,,,,,,,,.8,.8,20,20,21.5,21.5,12.5,12.5,12.5,12.5
Spalt (DE),http://www.homebrewtalk.com/wiki/index.php/Spalt_Spalter,DE,"aroma, noble","mild, spicy aroma that is often compared to Czech Saaz or Tettnang Tettnanger",2.5,6,3,5,22,29,0.5,0.9,20,35,20,30,8,13,12,18,"Spalt Select, Tettnang Tettnanger, Saaz Saazer, Hallertau Hallertauer Mittelfrüh, Saaz (CZ)",,45,60
Spalt (US),COMBINED,US,,,3,6,3,5,20,25,0.5,1,45,45,15,15,5,5,13,13
Spalt (US),NBLB,US,,,3,6,3,5,20,25,0.5,1,45,45,15,15,5,5,13,13
Spalt (US),DGB,US,,,,,,,,,.75,.75,45,45,15,15,5,5,12.5,12.5
Spalt Select,COMBINED,DE,aroma,floral and spicy fine aroma,3,6.5,2.5,6.2,20,27,0.6,1.2,20,50,10,36,4,13,0,22,"Spalt, Tettnang, Saaz, Hallertau Mittelfrüh, Saaz (CZ)",,,,good
Spalt Select,http://www.homebrewtalk.com/wiki/index.php/Spalt_Select,DE,aroma,,3,6.5,2.5,6.2,20,27,0.6,1.2,20,50,10,36,4,13,0,22,"Spalt Spalter, Tettnang Tettnanger, Saaz Saazer, Hallertau Hallertauer Mittelfrüh, Saaz (CZ)",,,,good
Spalt Select,http://www.brewerssupplygroup.com/FileCabinet/HopVarietySubstitutions.pdf,DE,,,,,,,,,,,,,,,,,,,Hallertau
Spalt Select,http://www.brewerssupplygroup.com/FileCabinet/HopVarieties.pdf,DE,,floral and spicy fine aroma,3,6.5,2.5,5,24,24,0.6,0.9
Sterling,COMBINED,US,aroma,"""very good noble hop style of spicy, floral, slightly citrusy character""",4.5,9,4,6,21,24,0.6,1.9,44,48,6,23,5,22,11,15,"Saaz, Mount Hood, Lublin",released in 1998,60,75,fair
Sterling,Hopunion,US,,"herbal, spicy wit ha hint of floral and citrus",6,9,4,6,22,28,1.3,1.9,44,48,19,23,5,7,11,17,Saaz + Mt. Hood combination,released in 1998
Sterling,http://www.homebrewtalk.com/wiki/index.php/Sterling,US,"aroma, noble","""very good noble hop style of spicy, floral, slightly citrusy character""",4.5,9,4,6,21,24,0.6,1.9,44,48,6,23,5,22,11,15,Saaz,,,,fair
Sterling,http://www.brewerssupplygroup.com/FileCabinet/HopVarietySubstitutions.pdf,US,,,,,,,,,,,,,,,,,,,Saaz
Sterling,http://www.brewerssupplygroup.com/FileCabinet/HopVarieties.pdf,US,,herbal hint of floral and citrus,4.5,6,5,6,22,22,0.6,1
Sterling,http://www.usahops.org/userfiles/file/HGA%20BCI%20Reports/HGA%20Variety%20Manual%20-%20English%20(updated%20March%202011).pdf,US,,herbal and spicy aroma notes with a hint of floral and citrus,6,9,4,6,22,28,1.3,1.9,44,48,19,23,5,7,11,17,"Saaz, Lublin",,60,75
Sticklebract,COMBINED,NZ,"bittering, aroma","""high selinine content and a piney, citrusy aroma""",10.5,14.5,7.5,8.5,42,45,1.1,2,45,60,8,15,4,7,4,8,,,75,75
Sticklebract,http://www.homebrewtalk.com/wiki/index.php/Sticklebract,NZ,"bittering, aroma","""high selinine content and a piney, citrusy aroma""",10.5,14.5,7.5,8.5,42,45,1.1,2,45,60,8,15,4,7,4,8,,,75,75
Strisselspalt,COMBINED,FR,aroma,"Medium intensity, pleasant and hoppy",3,5,3,5.5,20,25,0.6,0.9,20,30,15,25,8,10,0,1,"Hallertau Hersbruck (DE), Mount Hood, Crystal",,60,70
Strisselspalt,Hopunion,FR,,"Medium intensity, pleasant and hoppy",3,5,3,5.5,20,25,0.6,0.9,20,30,15,25,8,10,0,1,"Mt. Hood, Crystal, Hersbruck"
Strisselspalt,http://www.homebrewtalk.com/wiki/index.php/Strisselspalt,FR,aroma,,3,5,3,5.5,20,25,0.6,0.9,20,30,15,25,8,10,0,1,"Hersbruck, Mount Hood, Crystal",,60
Styrian Bobek,COMBINED,SI,aroma,Distinctive perfume pine/lemon/citrus hoppy character.,3.5,7,4,6.1,27,31,0.7,4,30,45,13,19,4,6,4,7,,,,,good
Styrian Bobek,http://www.slohops.com/index.php?option=com_content&view=article&id=198&Itemid=118,SI,aroma,Distinctive perfume pine/lemon/citrus hoppy character.,3.5,7,4,6.1,27,31,0.7,4,30,45,13,19,4,6,4,7,,,,,good
Styrian Golding,COMBINED,SI,aroma,"delicate, slightly spicy",4.5,6,2,3,25,30,0.5,1,25,38,25,38,7,12,2,8,"Fuggle, Willamette","Slovenia-grown Fuggles ""ecotype"".  world-renouned aroma hop",65,80
Styrian Golding,Hopunion,SI,,"delicate, slightly spicy",4.5,6,2,3,25,30,0.5,1,27,33,34,38,9,11,2,5,"US Fuggle, Willamette, UK Fuggle","Slovenia-grown Fuggles ""ecotype"".  world-renouned aroma hop"
Styrian Golding,NBLB,SI,,,4,6,2,3,26,30,0.5,1.3,38,38,23,23,10,10,0,1
Styrian Golding,http://www.homebrewtalk.com/wiki/index.php/Styrian_Goldings,SI,aroma,maybe noble,3,6,1.8,4.1,25,33,0.3,1.7,25,38,25,38,7,12,2,8,"Fuggle, Willamette",,65,80
Styrian Golding,http://www.brewerssupplygroup.com/FileCabinet/HopVarieties.pdf,SI,,delicate slightly spicy aroma,4.5,6,2,3.5,27,27,0.5,1
Summer Saaz,COMBINED,AU,aroma,"balanced, sweet, and fruity hop aromas. Even the untrained nose is quick to detect passionfruit, citrus and melon. It has been noted to be similar in character to the Czech Saaz parent, but without the spicy characteristic.",4.5,7,4.8,6.1,22.5,25,0.9,1.3,5,13,42,46,14,15,.1,.1
Summer Saaz,http://www.grainandgrape.com.au/product_info.php?cPath=1_39_45&products_id=8794,AU,aroma,"balanced, sweet, and fruity hop aromas. Even the untrained nose is quick to detect passionfruit, citrus and melon. It has been noted to be similar in character to the Czech Saaz parent, but without the spicy characteristic.",4,7,4.8,6.1,22.5,25,0.9,1.3,5,13,42,46,14,15,.1,.1
Summit,COMBINED,US,bittering,strong aroma profile that includes citrus and grapefruit notes,16,18,4,6,23,33,1.5,2.5,30,50,15,25,10,15,0,1,"Columbus/Tomahawk/Zeus, Warrior, Millenium, Simcoe",,85,85
Summit,http://www.homebrewtalk.com/wiki/index.php/Summit,US,bittering,orang/tangerine citrus notes ,17.5,19.5,4.7,4.7,27.6,27.6,1.3,1.3,28,28,22.1,22.1,14.5,14.5,,,Columbus
Summit,http://www.brewerssupplygroup.com/FileCabinet/HopVarietySubstitutions.pdf,US,,,,,,,,,,,,,,,,,,,Simcoe
Summit,http://www.brewerssupplygroup.com/FileCabinet/HopVarieties.pdf,US,,"strong citrus, grapefruit flavor",16,18,4.5,5,28,28,2.4,2.6
Summit,http://www.usahops.org/userfiles/file/HGA%20BCI%20Reports/HGA%20Variety%20Manual%20-%20English%20(updated%20March%202011).pdf,US,,strong aroma profile that includes citrus and grapefruit notes,16,18,4,6,23,33,1.5,2.5,30,50,15,25,10,15,0,1,"CTZ, Warrior, Millenium, Simcoe",,85,85
Super Alpha,COMBINED,NZ,bittering,"""fresh, grassy character with notes of pine needle and lemongrass.""",10,12,7,8.5,36,39,1.3,1.3,29,29,33,33,10,10,.5,.5,,,,,good
Super Alpha,http://www.homebrewtalk.com/wiki/index.php/Super_Alpha,NZ,bittering,"""fresh, grassy character with notes of pine needle and lemongrass.""",10,12,7,8.5,36,39,1.3,1.3,29,29,33,33,10,10,.5,.5,,,,,good
Super Galena,COMBINED,US,bittering,,13,16,8,10,35,45,1.5,2.5,45,60,6,14,19,24,0,1,Galena,"""high-yield, complete resistance to all current hop powdery mildrew strains found in the US""; Hopsteiner 9908",78,80
Super Galena,http://www.usahops.org/userfiles/file/HGA%20BCI%20Reports/HGA%20Variety%20Manual%20-%20English%20(updated%20March%202011).pdf,US,bittering,,13,16,8,10,35,45,1.5,2.5,45,60,6,14,19,24,0,1,Galena,"""high-yield, complete resistance to all current hop powdery mildrew strains found in the US""; Hopsteiner 9908",78,80
Sun,COMBINED,US,bittering,"intense but pleasant aroma; sister to Zeus, likely derived from NB",12,16,4.5,7,30,40,2.5,5,55,70,10,15,5,10,0,1,,"proprietary: SS Steiner, Inc.0"
Sun,http://www.homebrewtalk.com/wiki/index.php/Sun,US,bittering,"intense but pleasant aroma; sister to Zeus, likely derived from NB",12,16,4.5,7,30,40,2.5,5,55,70,10,15,5,10,0,1,,"proprietary: SS Steiner, Inc.0"
Talisman,COMBINED,,,,,,,,,,,,,,,,,,,,,"""an improved cluster variety"""
Talisman,http://www.beertools.com/html/ingredients.php?view=hops,,,,,,,,,,,,,,,,,,,,,"""an improved cluster variety"""
Target,COMBINED,UK,bittering,"pleasant english hop aroma, quite intense",8,13,4.5,7,35,40,1.2,1.4,45,55,17,22,9,10,0,1,"Admiral, Northdown, Progress",,45,55
Target,Hopunion,UK,,"pleasant english hop aroma, quite intense",9.5,12.5,5,5.5,29,35,1.6,2.6,45,55,17,22,8,10,0,1,"Fuggle, Willamette"
Target,http://www.homebrewtalk.com/wiki/index.php/Target,UK,bittering,,8,13,4.3,5.7,35,40,1.2,1.4,45,55,17,22,9,10,0,1,"Admiral, Northdown, Progress",,45,55
Target,http://www.brewerssupplygroup.com/FileCabinet/HopVarietySubstitutions.pdf,UK,,,,,,,,,,,,,,,,,,,Magnum
Target,http://www.brewerssupplygroup.com/FileCabinet/HopVarieties.pdf,UK,,strong and distinctive floral,10,12.5,4.5,5.7,35,35,1.2,1.4
Taurus,http://www.beertools.com/html/ingredients.php?view=hops,DE,,,,,,,,,,,,,,,,,,,,"""A variety of Hallertau with very high alpha acid content. It has a distinctive hoppy tang with a delicate aroma."""
Taurus,http://www.beertools.com/html/ingredients.php?view=hops,DE,,,,,,,,,,,,,,,,,,,,"""A variety of Hallertau with very high alpha acid content. It has a distinctive hoppy tang with a delicate aroma."""
Tettnang (US),COMBINED,US,,pleasant and slightly spicy,4,5,3,4,20,25,0.4,0.8,36,45,18,23,6,7,5,8,"Tettnang (DE), Spalt, Spalt Select, Santiam",,55,60
Tettnang (US),Hopunion,US,,slightly spicy,4,5,3,4,20,25,0.4,0.8,36,45,18,23,6,7,5,8,"German Spalt Select, German Spalt, Santiam",true noble aroma variety
Tettnang (US),http://www.usahops.org/userfiles/file/HGA%20BCI%20Reports/HGA%20Variety%20Manual%20-%20English%20(updated%20March%202011).pdf,US,,pleasant and slightly spicy,4,5,3,4,20,25,0.4,0.8,36,45,18,23,6,7,5,8,"Tettnang (DE), Spalt, Spalt Select, Santiam",,55,60
Tettnang (CH),COMBINED,CH,aroma,not-really-noble
Tettnang (CH),http://www.homebrewtalk.com/wiki/index.php/Swiss_Tettnanger,CH,aroma,not-really-noble
Tettnang (DE),COMBINED,DE,aroma,,3.5,5.5,2.7,4.5,20,29,0.4,1,20,45,18,25,6,10,5,16,"Saaz (CZ), Spalt Spalter, Ultra",,55,60
Tettnang (DE),NBLB,DE,,,3,5,2.7,4.5,20,25,0.4,0.8,41,41,21,21,7,7,7,7
Tettnang (DE),http://www.homebrewtalk.com/wiki/index.php/Tettnanger_%28American%29,DE,aroma,,4,5,3,4,20,25,0.4,0.8,36,45,18,23,6,7,5,8,"Tettnang Tettnanger, Fuggle, Saaz (CZ), Spalt Splater, Ultra",,55,60
Tettnang (DE),DGB,DE,,,,,,,,,0.6,0.6,40.5,40.5,20.5,20.5,6.5,6.5,6.5,6.5
Tettnang (DE),Hopunion,DE,,"mild and pleasant, slightly spicy",3.5,5.5,3.5,5,23,29,0.6,1,20,25,20,25,6,10,12,16,"German Spalt, German Select, US Tettnang, US Saaz, German Hersbrucker",Trad very fine or noble aroma hop
Tettnang (DE),NBLB,DE,,,3.5,5.5,3.5,5,23,29,0.6,1.1,23,23,23,23,8,8,14,14
Tettnang (DE),http://www.homebrewtalk.com/wiki/index.php/Tettnang_Tettnanger,DE,aroma,noble,3.5,5.5,3.5,5,23,29,0.6,1,20,25,20,25,6,10,12,16,"Saaz (CZ), Spalt Spalter, Ultra",,55,60
Tettnang (DE),http://www.brewerssupplygroup.com/FileCabinet/HopVarietySubstitutions.pdf,DE,,,,,,,,,,,,,,,,,,,Hallertau
Tettnang (DE),http://www.brewerssupplygroup.com/FileCabinet/HopVarieties.pdf,DE,,slightly spicy mild and pleasant,3,5,2.7,4.5,25,25,0.5,1
Tillicum,COMBINED,US,bittering,,12,14.5,9.3,10.5,31,38,1.5,1.9,45,55,6.8,8,13,16,0,1,"Galena, Chelan","""daughter of Galena, full sister of Chelan""",80,80
Tillicum,http://www.usahops.org/userfiles/file/HGA%20BCI%20Reports/HGA%20Variety%20Manual%20-%20English%20(updated%20March%202011).pdf,US,bittering,,12,14.5,9.3,10.5,31,38,1.5,1.9,45,55,6.8,8,13,16,0,1,"Galena, Chelan","""daughter of Galena, full sister of Chelan""",80,80
Topaz,COMBINED,AU,bittering,,15.5,18,6,7,47,49.5,0.8,1.7,25,43,11,13,10,11
Topaz,http://www.grainandgrape.com.au/product_info.php?cPath=1_39_45&products_id=8816,AU,bittering,,15.5,18,6,7,47,49.5,0.8,1.7,25,43,11,13,10,11
Tradition,COMBINED,DE,,"very fine, similar to German Hallertau",5,7,4,5,26,29,1,1.4,20,25,45,55,10,15,0,1,"Liberty, Hallertau (DE), Mount Hood, Crystal"
Tradition,Hopunion,DE,,"very fine, similar to German Hallertau",5,7,4,5,26,29,1,1.4,20,25,45,55,10,15,0,1,"Liberty, German Hallertau"
Tradition,http://www.brewerssupplygroup.com/FileCabinet/HopVarietySubstitutions.pdf,DE,,,,,,,,,,,,,,,,,,,"Mount Hood, Liberty, Crystal"
Ultra,COMBINED,,aroma,mild and pleasant Saaz-like aroma,2,3.5,3,4.5,23,38,0.5,1,15,25,35,50,10,15,0,1,"Saaz, Mount Hood, Liberty, Crystal",,,,good to very good
Ultra,http://www.homebrewtalk.com/wiki/index.php/Ultra,US,aroma,,4.5,5,3.6,4.7,25,30,0.8,1.2,25,35,30,40,10,15,0,1,Saaz,US Noble sub attmempt,,,poor-fair
Ultra,http://www.usahops.org/userfiles/file/HGA%20BCI%20Reports/HGA%20Variety%20Manual%20-%20English%20(updated%20March%202011).pdf,US,aroma,mild and pleasant Saaz-like aroma,2,3.5,3,4.5,23,38,0.5,1,15,25,35,50,10,15,0,1,"Mount Hood, Liberty, Crystal",,,,good to very good
Vanguard,COMBINED,US,aroma,"""Al Korzonas describes it as ""a rather herbal Hallertauer or a slightly buttery Tettnanger.""""",5,6,5,7,14,20,0.8,1.2,20,25,43,50,10,15,.5,.5,"Hallertau, Tettnang, Mount Hood, Liberty",,75,80
Vanguard,Hopunion,US,,similar to Hallertau,5.5,6,6,7,14,16,0.9,1.2,20,25,45,50,12,14,0,1,"Hallertau, German Hersbrucker, Mt. Hood, Liberty"
Vanguard,http://www.homebrewtalk.com/wiki/index.php/Vanguard,US,aroma,"""Al Korzonas describes it as ""a rather herbal Hallertauer or a slightly buttery Tettnanger.""""",5,6,5,7,14,20,0.8,1.2,20,25,43,50,10,15,.5,.5,"Hallertauer, Tettnanger",,75,80
Vanguard,http://www.usahops.org/userfiles/file/HGA%20BCI%20Reports/HGA%20Variety%20Manual%20-%20English%20(updated%20March%202011).pdf,US,aroma,,5.5,6,6,7,14,16,0.9,1.2,20,25,45,50,12,14,0,1,"Hallertau, Hersbrucker, Mount Hood, Liberty",,75,80
Warrior,COMBINED,US,dual,grapefruit citrus,15,17,4.5,5.5,24,24,1,2,40,50,15,20,8-10,,0,1,"Nugget, Galena","Yakima Chief Ranches, LLC, YCR-5",,,good
Warrior™,Hopunion,US,,very mild,15,17,4.5,5.5,24,24,1,2,40,50,15,20,8,10,0,1,"Nugget, Columbus"
Warrior™,http://www.homebrewtalk.com/wiki/index.php/Warrior,US,bittering,grapefruit citrus,15,17,4.5,5.5,24,24,1,2,40,50,15,20,8,10,0,1,"Nugget, Galena","Yakima Chief Ranches, LLC, YCR-5",,,good
Warrior™,http://www.brewerssupplygroup.com/FileCabinet/HopVarietySubstitutions.pdf,US,,,,,,,,,,,,,,,,,,,Magnum
Warrior™,http://www.brewerssupplygroup.com/FileCabinet/HopVarieties.pdf,US,,very mild,15,17,4.5,5.5,25,25,1,2
Warrior™,http://www.usahops.org/userfiles/file/HGA%20BCI%20Reports/HGA%20Variety%20Manual%20-%20English%20(updated%20March%202011).pdf,US,dual,,15,18,4.5-5.5,,24,24,1,2,40,50,15,20,8,10,0,1,"Nugget, CTZ, Magnum",YCR 5 CV.,76,76
Whitbread Goldings Variety,COMBINED,UK,"bittering, aroma","""W.G.V. provides a distinctive sweet fruit flavour in beers, similar to, but generally more pronounced and robust than, Goldings. It gives a mild, clean bitterness in traditional ales, and is sometimes used with good effect as a distinctive dry hop with a fruity, mild and clean flavor""",5,8,2,3.3,25,43,0.8,1.4,21,27,39,48,12,14,1,3,"Fuggle (UK), Styrian Goldings, East Kent Golding",,60,65
Whitbread Goldings Variety,http://www.homebrewtalk.com/wiki/index.php/Whitbread_Goldings_Variety,UK,"bittering, aroma","""W.G.V. provides a distinctive sweet fruit flavour in beers, similar to, but generally more pronounced and robust than, Goldings. It gives a mild, clean bitterness in traditional ales, and is sometimes used with good effect as a distinctive dry hop with a fruity, mild and clean flavor""",5,8,2,3.3,25,43,0.8,1.4,21,27,39,48,12,14,1,3,"Fuggle (UK), Styrian Goldings, EKG",,60,65
Whitbread Goldings Variety,http://www.brewerssupplygroup.com/FileCabinet/HopVarieties.pdf,UK,,distinctive and fruity,5.5,7.5,2,2.7,27,27,0.8,1.2
Willamette,COMBINED,US,aroma,"""mild, grassy, floral and slightly spicy aroma similar to Fuggle""",4,6,3,4.5,30,35,1,1.5,30,55,20,30,7,8,5,6,"Fuggle, Styrian Golding, Tettnang",USDA bred 1976 Fuggle daughter,60,65
Willamette,Hopunion,US,,"Mild and pleasant, slightly spicy",4,6,3,4,30,35,1,1.5,45,55,20,30,7,8,5,6,"US Fuggle, US Tettnang, Styrian Golding"
Willamette,NBLB,US,,,4,7,3,4.5,26,35,1,1.5,50,50,25,25,8,8,6,6
Willamette,DGB,US,,,,,,,,,1.25,1.25,50,50,25,25,7.5,7.5,5.5,5.5
Willamette,http://www.homebrewtalk.com/wiki/index.php/Willamette,US,aroma,"""mild, grassy, floral and slightly spicy aroma similar to Fuggle""",4,6,3,4.5,30,35,1,1.5,30,55,20,30,7,8,5,6,Fuggle,,60,65
Willamette,http://www.brewerssupplygroup.com/FileCabinet/HopVarietySubstitutions.pdf,US,,,,,,,,,,,,,,,,,,,Fuggle
Willamette,http://www.brewerssupplygroup.com/FileCabinet/HopVarieties.pdf,US,,slightly spicy mild and pleasant,4.5,7,3,4.7,32,32,0.9,1.5
Willamette,http://www.usahops.org/userfiles/file/HGA%20BCI%20Reports/HGA%20Variety%20Manual%20-%20English%20(updated%20March%202011).pdf,US,,"mild, slightly spicy and pleasant aroma",4,6,3.5,4.5,30,35,1,1.5,30,40,20,27,6.5,8.2,5,6,"Fuggle, Tettnang, Styrian Golding",USDA bred 1976 Fuggle daughter,60,65
Yakima Cluster,COMBINED,US,bittering,,5.5,8.5,4.5,5.5,36,42,0.4,0.8,45,55,18,18,6,7,0,1,Chinook,,,,very good
Yakima Cluster,http://www.homebrewtalk.com/wiki/index.php/Yakima_Cluster,US,bittering,,5.5,8.5,4.5,5.5,36,42,0.4,0.8,45,55,18,18,6,7,0,1,Chinook,,,,very good
Yeoman,COMBINED,UK,,,,,,,,,,,,,,,,,,,,"""Mixes well with Mount Hood and Willamette. Unsuitable as an aroma hop."""
Yeoman,http://www.beertools.com/html/ingredients.php?view=hops,UK,,,,,,,,,,,,,,,,,,,,"""Mixes well with Mount Hood and Willamette. Unsuitable as an aroma hop."""
Zenith,COMBINED,UK
Zenith,http://www.beertools.com/html/ingredients.php?view=hops,UK